{"type":"FeatureCollection","features":[{"type":"Feature","properties":{"name":"Оренберг","cartodb_id":56,"created_at":"2013-12-04T04:23:51+0100","updated_at":"2013-12-04T08:08:03+0100","name_latin":"Orenburg Oblast"},"geometry":{"type":"Polygon","coordinates":[[[50.768482,51.773511],[50.7932,51.7719],[50.87,51.7555],[50.8919,51.6884],[50.9396,51.685],[50.9715,51.6866],[51.0047,51.6777],[51.038,51.6839],[51.0987,51.6731],[51.1233,51.6794],[51.1594,51.6803],[51.1897,51.6703],[51.2071,51.6721],[51.2144,51.6865],[51.2578,51.6909],[51.2938,51.671],[51.3081,51.6439],[51.3832,51.6438],[51.3855,51.5683],[51.2456,51.5678],[51.2426,51.5606],[51.254,51.5247],[51.2886,51.538],[51.2927,51.4939],[51.3848,51.4911],[51.3847,51.4784],[51.4351,51.4773],[51.5145,51.4968],[51.566504,51.505577],[51.557835,51.52283],[51.585331,51.527975],[51.576846,51.545046],[51.604132,51.550436],[51.613251,51.533413],[51.640494,51.538787],[51.658248,51.504487],[51.644356,51.501623],[51.630671,51.475075],[51.641781,51.476686],[51.656046,51.448826],[51.738221,51.465026],[51.730608,51.480543],[51.813533,51.497057],[51.771901,51.582016],[51.799161,51.591679],[51.79557,51.608002],[51.844917,51.64981],[51.86383,51.655779],[51.86327,51.673711],[51.894046,51.674191],[51.894261,51.68328],[51.998532,51.683138],[51.998974,51.666909],[52.056515,51.666587],[52.074621,51.673989],[52.090178,51.658756],[52.161901,51.686596],[52.173864,51.686552],[52.181342,51.733519],[52.232231,51.735542],[52.238604,51.72351],[52.333567,51.743368],[52.320058,51.766165],[52.362828,51.773279],[52.380561,51.718651],[52.3896,51.7199],[52.3958,51.6848],[52.4065,51.6594],[52.4261,51.6393],[52.442,51.6372],[52.4603,51.6229],[52.5043,51.5566],[52.4997,51.5485],[52.5107,51.5313],[52.5073,51.5152],[52.5241,51.5006],[52.554049,51.490123],[52.553805,51.478399],[52.534698,51.469615],[52.564678,51.455342],[52.564585,51.463702],[52.585839,51.477226],[52.597215,51.468458],[52.585204,51.46102],[52.596496,51.45427],[52.623071,51.460263],[52.649566,51.490091],[52.664782,51.485734],[52.663537,51.470578],[52.674527,51.45925],[52.688937,51.465631],[52.675164,51.478856],[52.692339,51.477687],[52.719365,51.485323],[52.743261,51.484908],[52.758069,51.497401],[52.765147,51.519366],[52.787795,51.502855],[52.826156,51.500921],[52.846014,51.504141],[52.852619,51.492732],[52.888263,51.506951],[52.896091,51.495835],[52.873749,51.490824],[52.861389,51.473898],[52.876109,51.473667],[52.895149,51.487824],[52.912249,51.482124],[52.908349,51.493924],[52.941049,51.483424],[52.937649,51.470924],[52.961749,51.462424],[52.952249,51.476124],[52.981049,51.474724],[52.970049,51.488324],[53.012649,51.478824],[53.043749,51.493424],[53.0624,51.4934],[53.0846,51.5054],[53.1128,51.4941],[53.156,51.4934],[53.1593,51.5012],[53.141,51.5116],[53.1562,51.5275],[53.1675,51.5228],[53.1897,51.5359],[53.1958,51.5115],[53.2319,51.5144],[53.2634,51.5102],[53.2725,51.4894],[53.2898,51.4908],[53.2934,51.5051],[53.3513,51.5112],[53.3488,51.4906],[53.3616,51.4867],[53.368,51.4983],[53.3851,51.4952],[53.4243,51.4748],[53.4457,51.4445],[53.4686,51.4422],[53.4821,51.451],[53.4941,51.4335],[53.5268,51.4275],[53.5773,51.4309],[53.5749,51.413],[53.6283,51.392],[53.6256,51.3705],[53.6114,51.3726],[53.6004,51.3559],[53.6177,51.3563],[53.6217,51.3256],[53.601,51.3152],[53.6069,51.2936],[53.6454,51.264],[53.6678,51.2561],[53.6612,51.2402],[53.6982,51.2358],[53.699,51.2257],[53.7204,51.2236],[53.7241,51.2136],[53.7636,51.2046],[53.7984,51.211],[53.8264,51.2013],[53.8259,51.1932],[53.857,51.1907],[53.9065,51.1975],[53.9467,51.1805],[53.9637,51.1781],[53.9799,51.1624],[54.0223,51.1622],[54.0473,51.1522],[54.0366,51.1402],[54.0591,51.1246],[54.0824,51.1171],[54.124,51.1136],[54.1372,51.1078],[54.1498,51.0901],[54.1314,51.0635],[54.1434,51.0537],[54.1542,51.0651],[54.1875,51.0325],[54.1601,51.014],[54.17,50.9925],[54.1929,50.9903],[54.1942,50.9697],[54.2061,50.9601],[54.2778,50.952],[54.2696,50.9453],[54.2817,50.9331],[54.2799,50.9161],[54.2949,50.9019],[54.3236,50.898],[54.3612,50.8862],[54.4201,50.8796],[54.4396,50.8872],[54.4529,50.8516],[54.5237,50.8567],[54.5325,50.8515],[54.5105,50.8096],[54.4845,50.793],[54.4595,50.7573],[54.4514,50.7228],[54.4577,50.7115],[54.4353,50.6553],[54.4145,50.6205],[54.4682,50.5687],[54.510581,50.538894],[54.537618,50.541417],[54.5888,50.5621],[54.6124,50.5374],[54.6399,50.5515],[54.6449,50.5652],[54.6652,50.581],[54.719,50.6077],[54.7267,50.6235],[54.7194,50.6296],[54.7079,50.686],[54.7169,50.6956],[54.6795,50.7223],[54.6879,50.7811],[54.6601,50.8262],[54.6781,50.8348],[54.69,50.8538],[54.701,50.8891],[54.6732,50.9047],[54.664,50.918],[54.6082,50.925],[54.5688,50.9177],[54.5399,50.9253],[54.5407,50.9369],[54.5685,50.9502],[54.5521,50.9634],[54.5779,50.9657],[54.5781,50.9837],[54.5405,50.9955],[54.5551,51.0147],[54.5999,51.0309],[54.6342,51.0299],[54.6889,51.0183],[54.7058,51.0233],[54.6908,51.039],[54.7048,51.043],[54.7238,51.0343],[54.732,51.0416],[54.7525,51.0302],[54.7517,51.0168],[54.7771,50.993],[54.796,50.9851],[54.8362,50.979],[54.8983,50.9593],[54.8863,50.9411],[54.9067,50.9352],[54.8959,50.9179],[55.0019,50.8999],[55.0364,50.9241],[55.0648,50.9264],[55.0879,50.9176],[55.1229,50.8966],[55.1347,50.8842],[55.1266,50.8742],[55.0592,50.8202],[55.0594,50.8172],[55.1482,50.7963],[55.2745,50.7183],[55.3758,50.6541],[55.3989,50.6823],[55.4983,50.6719],[55.5257,50.6552],[55.5297,50.6157],[55.5612,50.6044],[55.6107,50.6015],[55.6155,50.5824],[55.6559,50.5615],[55.7124,50.5576],[55.7112,50.5504],[55.7394,50.5518],[55.7347,50.5668],[55.7526,50.5841],[55.7807,50.59],[55.793,50.607],[55.828,50.6218],[55.866,50.6275],[55.9014,50.6226],[55.9136,50.6442],[55.9824,50.6691],[56.0105,50.6747],[56.061,50.6976],[56.1449,50.7567],[56.1316,50.7864],[56.1407,50.8321],[56.157,50.8691],[56.1819,50.9072],[56.1856,50.9378],[56.2185,50.9289],[56.2972,50.9024],[56.3666,50.9001],[56.3753,50.9037],[56.399,50.9451],[56.3789,50.9523],[56.3887,50.9658],[56.4656,50.9646],[56.4546,51.057],[56.5184,51.0861],[56.5373,51.06],[56.5602,51.0423],[56.586,51.0307],[56.6104,51.0119],[56.6308,50.9857],[56.6961,50.985],[56.7147,50.9741],[56.7545,50.9816],[56.704,51.0775],[56.744,51.0786],[56.7582,51.0876],[56.7953,51.0949],[56.8958,51.0609],[56.9428,51.087],[56.9913,51.06],[57.0256,51.0644],[57.1497,51.0861],[57.1455,51.0986],[57.1812,51.1147],[57.2323,51.0501],[57.2408,51.0292],[57.2879,51.0363],[57.2962,50.9985],[57.3175,50.9886],[57.3328,50.9454],[57.4206,50.8975],[57.4745,50.8811],[57.5072,50.8809],[57.5289,50.9177],[57.5604,50.9364],[57.6812,50.9295],[57.6853,50.9169],[57.7306,50.9328],[57.7523,50.9273],[57.7497,50.9435],[57.7534,50.9929],[57.7529,51.0531],[57.772124,51.138578],[57.8172,51.1418],[57.8339,51.1155],[57.851,51.1145],[57.8779,51.1026],[57.8953,51.1132],[57.9239,51.1175],[57.9392,51.0958],[57.9548,51.0894],[58.0106,51.0961],[58.0395,51.1138],[58.0712,51.1243],[58.0897,51.1233],[58.0907,51.1032],[58.08089,51.086539],[58.103926,51.069135],[58.119443,51.070633],[58.172686,51.062474],[58.171462,51.085478],[58.206963,51.08835],[58.218847,51.11049],[58.203885,51.128351],[58.235214,51.134601],[58.243353,51.144076],[58.278773,51.144933],[58.321843,51.162528],[58.325977,51.173995],[58.351086,51.116195],[58.3722,51.1131],[58.3868,51.0734],[58.5184,51.0851],[58.6205,51.0245],[58.645,50.9926],[58.5917,50.9755],[58.5995,50.9529],[58.5749,50.9406],[58.5953,50.8729],[58.6826,50.8897],[58.6925,50.85],[58.6655,50.8477],[58.6599,50.8108],[58.7836,50.8181],[58.8093,50.7853],[58.7796,50.7867],[58.8221,50.7501],[58.8476,50.748],[58.8496,50.7273],[58.8741,50.7032],[58.9206,50.6972],[58.9899,50.6961],[59.0194,50.6912],[59.0436,50.6935],[59.0868,50.6782],[59.1182,50.6856],[59.1615,50.6723],[59.1914,50.6763],[59.2292,50.6675],[59.2772,50.6361],[59.2968,50.657],[59.4219,50.6411],[59.4575,50.6467],[59.4758,50.6444],[59.501,50.6134],[59.5389,50.6081],[59.5669,50.5778],[59.4685,50.5862],[59.4704,50.5689],[59.4593,50.5451],[59.5165,50.533],[59.5034,50.5001],[59.6152,50.5334],[59.6536,50.5373],[59.7739,50.5443],[59.8117,50.5387],[59.8549,50.6008],[59.9097,50.6415],[59.9869,50.6775],[59.9901,50.6828],[59.9691,50.7759],[59.9907,50.8033],[60.0063,50.8139],[60.035842,50.845367],[60.0883,50.8409],[60.2015,50.8242],[60.206,50.8207],[60.1609,50.7908],[60.1744,50.7786],[60.2753,50.7028],[60.3255,50.6671],[60.4407,50.6598],[60.5582,50.6579],[60.749,50.6598],[60.8115,50.6556],[60.9599,50.6905],[61.085253,50.72206],[61.261434,50.763079],[61.2742,50.765],[61.4486,50.8061],[61.5071,51.0181],[61.5264,51.0838],[61.566,51.231],[61.5718,51.2383],[61.689672,51.255852],[61.592737,51.303199],[61.5483,51.3306],[61.518,51.3885],[61.4972,51.411],[61.4657,51.4059],[61.4308,51.418],[61.4093,51.4151],[61.386,51.4257],[61.316901,51.443407],[61.2791,51.4375],[61.2034,51.4563],[61.1448,51.4507],[61.1332,51.4541],[61.1105,51.4466],[61.085,51.4713],[61.019075,51.468301],[60.9818,51.493],[60.9618,51.489],[60.9477,51.5149],[60.9192,51.5404],[60.9179,51.5674],[60.9047,51.5725],[60.9302,51.6143],[60.8102,51.6184],[60.6542,51.619],[60.5388,51.6167],[60.4425,51.6345],[60.413,51.6481],[60.3541,51.6846],[60.4161,51.7129],[60.4496,51.7381],[60.4673,51.7591],[60.5192,51.7763],[60.5143,51.8007],[60.4534,51.7993],[60.3933,51.8105],[60.3209,51.8332],[60.2475,51.8666],[60.2257,51.8678],[60.2026,51.8887],[60.182,51.8929],[60.152,51.9083],[60.1621,51.8636],[60.1237,51.8726],[60.0656,51.8729],[60.0748,51.8921],[60.0324,51.9142],[60.0282,51.9331],[59.9912,51.9551],[60.0064,51.9766],[60.0096,51.9938],[59.999883,51.996788],[59.975567,52.033569],[59.907917,52.040168],[59.919466,52.064259],[59.905441,52.082243],[59.933078,52.084966],[59.968139,52.151874],[60.016071,52.175552],[60.056826,52.176543],[60.055011,52.182318],[60.082565,52.216143],[60.122908,52.221671],[60.144357,52.244771],[60.173892,52.260282],[60.160155,52.282928],[60.162998,52.400119],[60.076207,52.411503],[60.037555,52.422929],[60.021138,52.413442],[60.003771,52.41967],[59.918259,52.42202],[59.860137,52.464631],[59.824166,52.480058],[59.733458,52.434063],[59.734036,52.422596],[59.677565,52.408694],[59.669479,52.423874],[59.672531,52.438972],[59.658279,52.441261],[59.547646,52.442167],[59.516668,52.404753],[59.501736,52.398978],[59.489195,52.42744],[59.443282,52.457428],[59.414531,52.460852],[59.412303,52.484694],[59.391513,52.469184],[59.370021,52.472443],[59.312395,52.471081],[59.296142,52.479826],[59.249241,52.476566],[59.244538,52.463201],[59.250108,52.43643],[59.227421,52.42488],[59.230269,52.352898],[59.217112,52.304759],[59.187577,52.284794],[59.165674,52.276502],[59.076471,52.33243],[59.057062,52.346978],[59.029422,52.348482],[59.001908,52.361888],[59.007538,52.385834],[58.989139,52.408274],[59.001885,52.42465],[58.955313,52.433518],[58.953251,52.440118],[58.901069,52.447419],[58.898511,52.443294],[58.859035,52.4468],[58.854927,52.425806],[58.837006,52.355784],[58.868531,52.351906],[58.900391,52.342399],[58.945428,52.339689],[58.944316,52.326398],[58.930487,52.31884],[58.943371,52.313429],[58.952477,52.28167],[58.925764,52.28182],[58.903948,52.273209],[58.890892,52.250576],[58.897506,52.244048],[58.812128,52.250747],[58.742554,52.25867],[58.699263,52.29541],[58.670231,52.297299],[58.661558,52.242263],[58.653656,52.217891],[58.661215,52.199467],[58.616724,52.136593],[58.651511,52.130065],[58.652715,52.078787],[58.713098,52.079733],[58.712842,52.037409],[58.655809,52.034295],[58.659677,51.935346],[58.655641,51.893001],[58.639322,51.885012],[58.614413,51.884754],[58.619137,51.875113],[58.615445,51.826519],[58.574732,51.827034],[58.574905,51.771697],[58.489871,51.770837],[58.489441,51.779255],[58.40329,51.778567],[58.403462,51.771352],[58.329165,51.770234],[58.319888,51.778909],[58.313447,51.752261],[58.258733,51.750779],[58.257273,51.733493],[58.188301,51.733406],[58.164657,51.718366],[58.144409,51.724516],[58.152569,51.735081],[58.142777,51.749103],[58.114432,51.761686],[58.118211,51.773732],[58.109535,51.791877],[58.069594,51.793959],[57.955184,51.793786],[57.955098,51.821551],[57.941956,51.821637],[57.912408,51.83583],[57.844381,51.837912],[57.84378,51.826231],[57.754365,51.825371],[57.725161,51.834304],[57.715197,51.860028],[57.655329,51.86881],[57.63901,51.853865],[57.658679,51.846693],[57.66976,51.830373],[57.645281,51.819765],[57.641588,51.808342],[57.613845,51.794469],[57.610925,51.785107],[57.640816,51.76722],[57.628705,51.750428],[57.589882,51.744071],[57.573735,51.725647],[57.529413,51.732432],[57.499093,51.721094],[57.481313,51.725904],[57.395935,51.727277],[57.407274,51.691396],[57.36055,51.653301],[57.331861,51.649844],[57.293554,51.62953],[57.305837,51.60709],[57.225356,51.590212],[57.22046,51.575738],[57.198214,51.569554],[57.160507,51.575738],[57.118074,51.632169],[57.095569,51.66702],[57.002686,51.666984],[56.997715,51.68361],[56.996857,51.720548],[56.96926,51.723847],[56.958461,51.745787],[56.943549,51.73396],[56.898812,51.735159],[56.864016,51.743044],[56.842481,51.764773],[56.811799,51.768614],[56.793968,51.765199],[56.795624,51.747499],[56.861446,51.704263],[56.886129,51.677138],[56.885444,51.651384],[56.895215,51.647228],[56.892302,51.606433],[56.817912,51.591948],[56.814141,51.587492],[56.774375,51.585092],[56.723,51.591497],[56.732379,51.610802],[56.752433,51.630557],[56.771116,51.666638],[56.749347,51.681465],[56.759459,51.696548],[56.745575,51.716646],[56.740946,51.738286],[56.780884,51.736572],[56.759972,51.753241],[56.769913,51.763697],[56.754143,51.776081],[56.743173,51.771281],[56.697064,51.803205],[56.678209,51.812461],[56.610845,51.827073],[56.622328,51.874981],[56.633298,51.879437],[56.630384,51.899192],[56.671693,51.902278],[56.689347,51.908963],[56.726029,51.901079],[56.734256,51.918219],[56.724314,51.92169],[56.7166,51.943459],[56.695517,51.938145],[56.691574,51.949286],[56.65455,51.959442],[56.658149,51.985538],[56.677174,52.00855],[56.683173,52.031904],[56.704598,52.060058],[56.682829,52.067085],[56.666716,52.08564],[56.62952,52.095966],[56.627635,52.085682],[56.606381,52.080711],[56.603125,52.06477],[56.585469,52.078825],[56.621293,52.09768],[56.627977,52.121506],[56.616321,52.128919],[56.54433,52.148501],[56.487422,52.169284],[56.458112,52.163113],[56.427945,52.144086],[56.399491,52.159855],[56.441142,52.180425],[56.45074,52.190923],[56.437713,52.198122],[56.474394,52.20018],[56.466166,52.211192],[56.427771,52.200736],[56.421258,52.183424],[56.412345,52.185138],[56.382864,52.161098],[56.351668,52.158869],[56.347727,52.128616],[56.295448,52.127416],[56.268194,52.12193],[56.202373,52.142327],[56.200487,52.166709],[56.236995,52.219032],[56.260993,52.201891],[56.279332,52.223189],[56.272476,52.23073],[56.294587,52.241401],[56.327326,52.247229],[56.311556,52.25717],[56.338466,52.274525],[56.359206,52.280525],[56.399315,52.281768],[56.453994,52.297024],[56.452965,52.317978],[56.433938,52.331348],[56.44525,52.342832],[56.43925,52.374628],[56.432565,52.374285],[56.440278,52.405353],[56.45759,52.409809],[56.464102,52.42905],[56.486728,52.438135],[56.486556,52.451204],[56.465644,52.470273],[56.443189,52.47233],[56.443362,52.445547],[56.430849,52.445204],[56.432392,52.428407],[56.381999,52.420007],[56.3508,52.496325],[56.384224,52.508024],[56.374796,52.528979],[56.43016,52.543592],[56.40702,52.559404],[56.445379,52.581714],[56.423645,52.603841],[56.379422,52.598184],[56.322344,52.580871],[56.26441,52.545861],[56.219052,52.572656],[56.190017,52.599253],[56.18419,52.591197],[56.157108,52.591711],[56.166535,52.602166],[56.148457,52.632301],[56.12523,52.633621],[56.104792,52.618557],[56.07354,52.621542],[56.098037,52.636475],[56.126477,52.645876],[56.108575,52.648476],[56.068193,52.644699],[56.035274,52.647084],[56.067469,52.623386],[56.053138,52.590947],[56.027052,52.576099],[56.036609,52.570241],[56.006415,52.548907],[55.98734,52.561291],[55.966266,52.557788],[55.968138,52.546898],[55.944062,52.515294],[55.920333,52.509666],[55.928453,52.52126],[55.911998,52.535936],[55.92211,52.552841],[55.908133,52.559945],[55.885258,52.544442],[55.867592,52.545781],[55.872231,52.5345],[55.863247,52.496093],[55.866071,52.488317],[55.848236,52.470308],[55.871378,52.414687],[55.887662,52.407831],[55.88206,52.396155],[55.857774,52.38953],[55.823417,52.364962],[55.798198,52.376925],[55.773394,52.345755],[55.73319,52.351499],[55.699395,52.400965],[55.665641,52.40133],[55.674984,52.367874],[55.618275,52.371895],[55.614079,52.382345],[55.592428,52.383848],[55.56936,52.406242],[55.551764,52.386398],[55.544871,52.394402],[55.525097,52.38756],[55.496196,52.416898],[55.528543,52.43107],[55.542362,52.443787],[55.539457,52.457284],[55.499997,52.462045],[55.495774,52.472497],[55.501479,52.498758],[55.519649,52.496358],[55.525192,52.513938],[55.510049,52.520227],[55.474527,52.523159],[55.479367,52.541481],[55.544844,52.534839],[55.548958,52.544438],[55.510061,52.555206],[55.508135,52.567669],[55.530034,52.575909],[55.524102,52.604216],[55.469281,52.583557],[55.437028,52.58536],[55.463937,52.624612],[55.435312,52.649037],[55.403601,52.66772],[55.368152,52.675262],[55.363492,52.646123],[55.352865,52.638366],[55.302971,52.629615],[55.280618,52.630418],[55.263219,52.645907],[55.269045,52.700114],[55.216321,52.721853],[55.225291,52.740677],[55.266281,52.738386],[55.276882,52.718143],[55.301736,52.729321],[55.315497,52.693984],[55.367311,52.683087],[55.361536,52.695058],[55.373689,52.70786],[55.395115,52.699859],[55.427082,52.733112],[55.416625,52.746867],[55.367903,52.74008],[55.338549,52.767307],[55.387828,52.788581],[55.395584,52.78105],[55.420737,52.791133],[55.400725,52.807036],[55.400338,52.827063],[55.385366,52.821007],[55.34878,52.851411],[55.319446,52.847758],[55.27251,52.827761],[55.265087,52.842316],[55.245713,52.818871],[55.190935,52.838874],[55.179053,52.817227],[55.160718,52.81141],[55.1395,52.814367],[55.152113,52.837682],[55.136813,52.838043],[55.1308,52.852005],[55.155027,52.848177],[55.147488,52.860756],[55.131206,52.863282],[55.123386,52.882552],[55.133692,52.897318],[55.122748,52.914446],[55.070961,52.943829],[55.053578,52.958721],[55.038322,52.999258],[55.004039,53.028311],[54.996668,53.056593],[54.966157,53.068591],[54.975413,53.08029],[54.941131,53.10073],[54.956557,53.119799],[54.94627,53.17422],[54.927072,53.211115],[54.901874,53.226756],[54.871878,53.233612],[54.840853,53.252209],[54.827796,53.275814],[54.797144,53.255122],[54.792688,53.242052],[54.675103,53.225767],[54.660534,53.214283],[54.615454,53.217025],[54.612368,53.227652],[54.637565,53.236223],[54.626937,53.258848],[54.552032,53.263175],[54.565743,53.2903],[54.56797,53.32771],[54.547572,53.355177],[54.504664,53.363604],[54.463848,53.362103],[54.428063,53.37045],[54.401955,53.369312],[54.344458,53.388498],[54.316259,53.40333],[54.287963,53.402712],[54.280186,53.384195],[54.253711,53.361851],[54.238873,53.36353],[54.169707,53.385642],[54.151671,53.387978],[54.10729,53.421725],[54.074814,53.441663],[54.060446,53.457009],[54.041745,53.500566],[54.023932,53.498377],[54.003278,53.532144],[53.98006,53.543541],[53.913805,53.610626],[53.850762,53.684026],[53.824225,53.687494],[53.682811,53.743744],[53.644587,53.753514],[53.627274,53.790238],[53.629673,53.807121],[53.599161,53.839559],[53.596932,53.867756],[53.582533,53.877569],[53.598302,53.883568],[53.570705,53.914464],[53.57019,53.946731],[53.55082,53.968199],[53.530936,53.975741],[53.535563,53.998067],[53.514651,54.009251],[53.504024,54.023306],[53.511907,54.053859],[53.500606,54.056129],[53.445952,54.043073],[53.414488,54.030531],[53.404099,53.997322],[53.36886,53.974244],[53.346783,54.001296],[53.321745,54.017714],[53.30719,54.016889],[53.282151,54.037567],[53.290863,54.076162],[53.287181,54.087859],[53.225771,54.087275],[53.228191,54.096755],[53.254303,54.098034],[53.236603,54.113463],[53.199975,54.111576],[53.198409,54.096781],[53.171209,54.084727],[53.133062,54.076905],[53.092525,54.079139],[53.062389,54.065377],[53.058766,54.082654],[53.083714,54.092348],[53.096854,54.125289],[53.044023,54.131547],[53.046302,54.138575],[53.025076,54.16898],[52.974662,54.179371],[52.962821,54.191088],[52.970985,54.205598],[52.950733,54.212322],[52.954906,54.235049],[53.004273,54.237965],[53.027078,54.220662],[53.074925,54.221105],[53.044416,54.245803],[53.097554,54.23443],[53.130439,54.24234],[53.143489,54.251756],[53.116426,54.267219],[53.15518,54.288275],[53.124611,54.301575],[53.115194,54.311969],[53.081858,54.317485],[53.056297,54.352738],[53.011303,54.333979],[53.016833,54.322738],[52.990646,54.318612],[53.025673,54.303075],[53.029466,54.291641],[52.978842,54.286455],[52.98129,54.268161],[52.945415,54.268671],[52.935902,54.277177],[52.922449,54.268675],[52.890558,54.276983],[52.904269,54.290593],[52.927788,54.292028],[52.952239,54.306951],[52.934188,54.308426],[52.917656,54.320039],[52.897121,54.317069],[52.877998,54.325628],[52.84457,54.313596],[52.8053,54.335002],[52.755502,54.349043],[52.696425,54.360757],[52.678207,54.357831],[52.638066,54.338272],[52.622826,54.356098],[52.602655,54.365607],[52.573179,54.349483],[52.568276,54.340128],[52.528209,54.303314],[52.460976,54.297895],[52.429383,54.310897],[52.393343,54.304966],[52.389865,54.293732],[52.345441,54.294073],[52.330786,54.279075],[52.373215,54.255467],[52.349779,54.211728],[52.362553,54.191199],[52.343222,54.169358],[52.310888,54.1766],[52.294238,54.149512],[52.307525,54.129953],[52.347672,54.125733],[52.372192,54.148658],[52.381203,54.133318],[52.379037,54.097905],[52.389188,54.089693],[52.381433,54.078402],[52.478891,54.070534],[52.488814,54.054396],[52.458306,54.033923],[52.426314,54.026623],[52.401508,54.014134],[52.405443,54.008546],[52.371914,53.971878],[52.395523,53.962469],[52.384232,53.95055],[52.407727,53.950095],[52.416508,53.960074],[52.408185,53.893012],[52.381041,53.889932],[52.3673,53.830625],[52.357549,53.80867],[52.342609,53.801028],[52.339587,53.787285],[52.279768,53.744116],[52.278743,53.711782],[52.261065,53.694617],[52.26426,53.661428],[52.234282,53.651838],[52.226679,53.62877],[52.2143,53.615726],[52.188837,53.55588],[52.168448,53.544269],[52.138162,53.550667],[52.122063,53.545953],[52.097669,53.558273],[52.078361,53.498788],[52.101297,53.499607],[52.116364,53.491766],[52.091388,53.470991],[52.129202,53.450931],[52.122757,53.441169],[52.145093,53.444658],[52.159431,53.42911],[52.145715,53.415515],[52.152981,53.386786],[52.162968,53.390435],[52.211862,53.380847],[52.176114,53.324583],[52.188006,53.321999],[52.173312,53.297383],[52.142478,53.301449],[52.160008,53.282933],[52.166878,53.235245],[52.126918,53.233201],[52.136642,53.166116],[52.106906,53.168183],[52.068654,53.15238],[52.066289,53.129354],[52.085232,53.123064],[52.157784,53.125495],[52.1652,53.120075],[52.162267,53.087759],[52.050012,53.090567],[52.045723,53.032983],[52.061883,53.032584],[52.054539,52.964347],[51.9899,52.966225],[51.981933,52.970703],[51.913636,52.971276],[51.912995,52.949556],[51.88712,52.946433],[51.866216,52.930061],[51.848625,52.901669],[51.836879,52.864887],[51.758924,52.874694],[51.715014,52.876347],[51.725738,52.804381],[51.766511,52.800333],[51.720098,52.651894],[51.616767,52.645848],[51.611405,52.681831],[51.523228,52.676763],[51.530492,52.631999],[51.471709,52.628534],[51.475359,52.604744],[51.507069,52.59464],[51.510147,52.564558],[51.477907,52.570427],[51.451672,52.568762],[51.461006,52.510296],[51.490212,52.512063],[51.493254,52.494044],[51.514243,52.495419],[51.532381,52.475262],[51.531445,52.463032],[51.548183,52.46205],[51.548065,52.428867],[51.473152,52.428663],[51.462051,52.406721],[51.461028,52.365624],[51.37108,52.365158],[51.384492,52.357747],[51.399877,52.322495],[51.399226,52.272212],[51.409321,52.22836],[51.462982,52.226136],[51.447017,52.183538],[51.432304,52.174414],[51.43624,52.150178],[51.406759,52.106553],[51.39142,52.069258],[51.298469,52.031791],[51.262259,52.019003],[51.205405,51.986511],[51.14376,51.988392],[51.153398,51.956344],[51.126882,51.92612],[51.088503,51.932962],[51.033474,51.923495],[50.999658,51.891218],[50.909958,51.860651],[50.768482,51.773511]]]},"id":0},{"type":"Feature","properties":{"name":"Самара","cartodb_id":63,"created_at":"2013-12-04T04:23:51+0100","updated_at":"2013-12-04T08:08:11+0100","name_latin":"Samara Oblast"},"geometry":{"type":"Polygon","coordinates":[[[50.092459,54.5066],[50.093655,54.493844],[50.111543,54.493446],[50.103772,54.423706],[50.155801,54.421101],[50.150591,54.375477],[50.175723,54.362624],[50.188619,54.368322],[50.238884,54.295933],[50.241888,54.283699],[50.208851,54.276234],[50.242641,54.217581],[50.225549,54.206009],[50.217998,54.180127],[50.201921,54.168069],[50.197683,54.114804],[50.209123,54.108576],[50.202101,54.094133],[50.223575,54.069714],[50.182345,54.023657],[50.167685,54.027643],[50.113999,54.019708],[50.111715,54.003341],[50.081107,54.007111],[50.055435,53.977369],[50.060934,53.95845],[50.014957,53.96229],[50.018069,53.970232],[49.97804,53.978772],[49.931196,53.905269],[49.92765,53.889398],[50.037275,53.880285],[50.04009,53.861213],[50.035857,53.819146],[50.022697,53.818294],[49.850446,53.831996],[49.828413,53.840984],[49.837582,53.861436],[49.816593,53.889757],[49.74127,53.874131],[49.727755,53.866888],[49.737869,53.859689],[49.724178,53.842066],[49.703278,53.830193],[49.66283,53.835484],[49.636021,53.834159],[49.60166,53.802623],[49.589646,53.805273],[49.596448,53.819937],[49.585494,53.821659],[49.594302,53.839897],[49.434,53.855754],[49.418364,53.86207],[49.311524,53.872624],[49.300351,53.831284],[49.249735,53.836495],[49.212987,53.871563],[49.07863,53.873328],[48.994669,53.872317],[48.994808,53.706596],[48.851574,53.70602],[48.843844,53.716841],[48.825294,53.714279],[48.782186,53.73168],[48.686609,53.727659],[48.686212,53.7088],[48.669517,53.705311],[48.648183,53.73],[48.640411,53.716264],[48.606888,53.720327],[48.568594,53.732384],[48.534054,53.767805],[48.534452,53.754511],[48.4851,53.76967],[48.467042,53.759266],[48.488828,53.740554],[48.515505,53.734547],[48.513607,53.716571],[48.496603,53.694885],[48.516037,53.683667],[48.511312,53.670019],[48.533131,53.666707],[48.501419,53.649835],[48.474433,53.646168],[48.460874,53.652838],[48.417369,53.657209],[48.418519,53.623863],[48.392504,53.635479],[48.388484,53.648464],[48.367726,53.641132],[48.348159,53.652527],[48.339107,53.606549],[48.345203,53.593476],[48.393875,53.583097],[48.393876,53.56702],[48.455665,53.569583],[48.465294,53.556244],[48.455268,53.548692],[48.406508,53.563752],[48.395025,53.542993],[48.382128,53.545555],[48.369939,53.527844],[48.369543,53.474137],[48.347327,53.468306],[48.32648,53.476521],[48.31694,53.469322],[48.301702,53.477448],[48.285185,53.457617],[48.244771,53.477359],[48.230902,53.490874],[48.206213,53.490962],[48.174015,53.478197],[48.173044,53.470159],[48.142127,53.46636],[48.146102,53.483939],[48.123709,53.484645],[48.117393,53.476872],[48.090981,53.48354],[48.077555,53.47453],[48.035817,53.471305],[48.023186,53.456995],[48.026587,53.4456],[48.048759,53.442553],[48.026014,53.421352],[48.016252,53.434647],[47.996113,53.417819],[47.998454,53.40236],[47.980434,53.396751],[47.973191,53.384472],[47.936798,53.362035],[47.960517,53.347681],[47.944573,53.333415],[48.009234,53.311509],[48.040461,53.29636],[48.02381,53.289426],[48.05411,53.270478],[48.077298,53.265974],[48.090503,53.271715],[48.100044,53.255153],[48.142666,53.246232],[48.15998,53.229979],[48.111043,53.203787],[48.109719,53.178832],[48.147129,53.17181],[48.169611,53.159974],[48.162103,53.151052],[48.212984,53.137229],[48.209495,53.123537],[48.166345,53.098228],[48.152256,53.076101],[48.124697,53.051808],[48.136843,53.050528],[48.176285,53.029107],[48.185427,53.041872],[48.204507,53.030565],[48.195896,53.008791],[48.22456,53.004761],[48.249203,53.065634],[48.327158,53.068815],[48.320401,53.061704],[48.357766,53.0572],[48.363287,53.048013],[48.325615,52.996912],[48.344165,52.990773],[48.370665,52.99223],[48.355737,52.975756],[48.359846,52.957338],[48.439125,52.972621],[48.449417,52.952128],[48.499657,52.940533],[48.522826,52.949445],[48.588749,52.895802],[48.592476,52.884687],[48.579817,52.86443],[48.552252,52.850666],[48.498977,52.831464],[48.453573,52.825236],[48.428632,52.814407],[48.375575,52.768162],[48.362917,52.727508],[48.349543,52.705685],[48.309744,52.683711],[48.348317,52.673311],[48.349461,52.662993],[48.434238,52.6673],[48.463958,52.680546],[48.480283,52.670513],[48.515914,52.67827],[48.522155,52.665387],[48.533475,52.674737],[48.551074,52.656716],[48.562456,52.654564],[48.574395,52.627327],[48.635226,52.630664],[48.635552,52.640738],[48.693213,52.639141],[48.717113,52.566309],[48.7272,52.542621],[48.818029,52.544167],[48.834615,52.541915],[48.87722,52.431127],[48.882121,52.40757],[48.923149,52.407633],[48.91233,52.468457],[48.956569,52.471993],[48.960312,52.492513],[49.037628,52.480623],[49.108274,52.494801],[49.118715,52.480262],[49.152278,52.479347],[49.169306,52.472409],[49.17145,52.49976],[49.258082,52.496366],[49.279167,52.479133],[49.35214,52.464734],[49.347969,52.453534],[49.320768,52.45359],[49.325569,52.435076],[49.310256,52.400847],[49.286427,52.385932],[49.329,52.371589],[49.345742,52.397876],[49.385914,52.395705],[49.391685,52.403762],[49.434658,52.39862],[49.428773,52.362048],[49.449288,52.355191],[49.450203,52.320162],[49.507461,52.322905],[49.52066,52.364506],[49.520202,52.395764],[49.547402,52.388107],[49.570031,52.395936],[49.573917,52.389079],[49.637919,52.34005],[49.601005,52.321707],[49.65935,52.282221],[49.627293,52.267421],[49.624494,52.24782],[49.659866,52.230621],[49.676038,52.228792],[49.669295,52.244964],[49.680266,52.251707],[49.703409,52.24645],[49.70198,52.265764],[49.71598,52.275308],[49.721009,52.262793],[49.733409,52.272851],[49.734438,52.251936],[49.750267,52.239022],[49.798156,52.172336],[49.985816,52.171653],[49.984901,52.18851],[50.039759,52.190111],[50.045132,52.139653],[50.163705,52.139997],[50.163706,52.130569],[50.223421,52.129312],[50.224736,52.090626],[50.159593,52.090682],[50.160395,52.02011],[50.156395,52.009824],[50.181938,52.01811],[50.183595,52.030853],[50.215367,52.036168],[50.281083,52.01314],[50.30634,52.014855],[50.308682,52.044798],[50.352111,52.044856],[50.352399,51.981541],[50.3964,51.980227],[50.406228,51.99297],[50.520058,51.993772],[50.521259,51.963828],[50.597203,51.963487],[50.649261,51.958687],[50.649376,51.933258],[50.70172,51.932973],[50.701438,51.819657],[50.717552,51.819543],[50.719096,51.788057],[50.768482,51.773511],[50.909958,51.860651],[50.999658,51.891218],[51.033474,51.923495],[51.088503,51.932962],[51.126882,51.92612],[51.153398,51.956344],[51.14376,51.988392],[51.205405,51.986511],[51.262259,52.019003],[51.298469,52.031791],[51.39142,52.069258],[51.406759,52.106553],[51.43624,52.150178],[51.432304,52.174414],[51.447017,52.183538],[51.462982,52.226136],[51.409321,52.22836],[51.399226,52.272212],[51.399877,52.322495],[51.384492,52.357747],[51.37108,52.365158],[51.461028,52.365624],[51.462051,52.406721],[51.473152,52.428663],[51.548065,52.428867],[51.548183,52.46205],[51.531445,52.463032],[51.532381,52.475262],[51.514243,52.495419],[51.493254,52.494044],[51.490212,52.512063],[51.461006,52.510296],[51.451672,52.568762],[51.477907,52.570427],[51.510147,52.564558],[51.507069,52.59464],[51.475359,52.604744],[51.471709,52.628534],[51.530492,52.631999],[51.523228,52.676763],[51.611405,52.681831],[51.616767,52.645848],[51.720098,52.651894],[51.766511,52.800333],[51.725738,52.804381],[51.715014,52.876347],[51.758924,52.874694],[51.836879,52.864887],[51.848625,52.901669],[51.866216,52.930061],[51.88712,52.946433],[51.912995,52.949556],[51.913636,52.971276],[51.981933,52.970703],[51.9899,52.966225],[52.054539,52.964347],[52.061883,53.032584],[52.045723,53.032983],[52.050012,53.090567],[52.162267,53.087759],[52.1652,53.120075],[52.157784,53.125495],[52.085232,53.123064],[52.066289,53.129354],[52.068654,53.15238],[52.106906,53.168183],[52.136642,53.166116],[52.126918,53.233201],[52.166878,53.235245],[52.160008,53.282933],[52.142478,53.301449],[52.173312,53.297383],[52.188006,53.321999],[52.176114,53.324583],[52.211862,53.380847],[52.162968,53.390435],[52.152981,53.386786],[52.145715,53.415515],[52.159431,53.42911],[52.145093,53.444658],[52.122757,53.441169],[52.129202,53.450931],[52.091388,53.470991],[52.116364,53.491766],[52.101297,53.499607],[52.078361,53.498788],[52.097669,53.558273],[52.122063,53.545953],[52.138162,53.550667],[52.168448,53.544269],[52.188837,53.55588],[52.2143,53.615726],[52.226679,53.62877],[52.234282,53.651838],[52.26426,53.661428],[52.261065,53.694617],[52.278743,53.711782],[52.279768,53.744116],[52.339587,53.787285],[52.342609,53.801028],[52.357549,53.80867],[52.3673,53.830625],[52.381041,53.889932],[52.408185,53.893012],[52.416508,53.960074],[52.407727,53.950095],[52.384232,53.95055],[52.395523,53.962469],[52.371914,53.971878],[52.405443,54.008546],[52.401508,54.014134],[52.426314,54.026623],[52.458306,54.033923],[52.488814,54.054396],[52.478891,54.070534],[52.381433,54.078402],[52.389188,54.089693],[52.379037,54.097905],[52.381203,54.133318],[52.372192,54.148658],[52.347672,54.125733],[52.307525,54.129953],[52.294238,54.149512],[52.310888,54.1766],[52.343222,54.169358],[52.362553,54.191199],[52.349779,54.211728],[52.373215,54.255467],[52.330786,54.279075],[52.345441,54.294073],[52.389865,54.293732],[52.393343,54.304966],[52.429383,54.310897],[52.460976,54.297895],[52.528209,54.303314],[52.568276,54.340128],[52.506097,54.373703],[52.489178,54.39007],[52.501824,54.391239],[52.504034,54.437537],[52.484837,54.436125],[52.502117,54.459062],[52.486742,54.4666],[52.43596,54.464314],[52.431969,54.474165],[52.388318,54.446251],[52.397094,54.412728],[52.367222,54.398661],[52.343376,54.439081],[52.298205,54.447029],[52.293818,54.434834],[52.242889,54.439682],[52.188959,54.41785],[52.198538,54.406983],[52.182523,54.391691],[52.177387,54.375267],[52.147482,54.363056],[52.126066,54.373401],[52.11787,54.391593],[52.09553,54.391193],[52.104233,54.381598],[52.101115,54.364172],[52.116466,54.361239],[52.107242,54.339381],[52.092545,54.328304],[52.054754,54.342527],[52.036276,54.355165],[52.058747,54.373961],[52.046007,54.387357],[52.065442,54.418411],[52.034886,54.41429],[52.026872,54.426152],[51.991543,54.427085],[51.985562,54.416436],[52.01623,54.414002],[51.978997,54.411283],[51.965953,54.419115],[51.975662,54.428329],[51.954145,54.426878],[51.951046,54.414138],[51.904274,54.412542],[51.914558,54.436567],[51.928434,54.445692],[51.942378,54.442035],[51.951537,54.473445],[51.940416,54.483639],[51.937886,54.516537],[51.920907,54.524169],[51.928783,54.535055],[51.906705,54.538079],[51.875862,54.527592],[51.86003,54.53476],[51.823001,54.539151],[51.789261,54.536625],[51.777251,54.556853],[51.726749,54.552565],[51.690692,54.555788],[51.663209,54.569098],[51.633644,54.565003],[51.584902,54.606412],[51.538825,54.649721],[51.518946,54.65061],[51.513411,54.595142],[51.500054,54.596834],[51.381752,54.588079],[51.381283,54.612093],[51.396017,54.637022],[51.39253,54.647401],[51.40396,54.668167],[51.389252,54.677006],[51.381069,54.664561],[51.355951,54.652574],[51.331128,54.654979],[51.312781,54.646819],[51.288439,54.652738],[51.279109,54.641699],[51.228203,54.631567],[51.225568,54.647674],[51.190287,54.659565],[51.150032,54.639612],[51.14874,54.613979],[51.100573,54.586824],[51.099982,54.571067],[51.07442,54.540209],[51.008365,54.549436],[51.000898,54.482101],[51.020896,54.46965],[50.984444,54.437996],[50.991676,54.405911],[50.982312,54.396867],[50.954356,54.392084],[50.95126,54.342639],[50.899561,54.343385],[50.907298,54.37034],[50.889471,54.371788],[50.87544,54.384392],[50.847164,54.367571],[50.821745,54.363758],[50.77627,54.376239],[50.750244,54.375901],[50.736443,54.40472],[50.676899,54.395755],[50.648443,54.38512],[50.636842,54.371611],[50.621465,54.370689],[50.575846,54.343998],[50.564253,54.34851],[50.521263,54.324949],[50.493517,54.332796],[50.483048,54.345894],[50.506056,54.350623],[50.48703,54.366588],[50.477722,54.383468],[50.473904,54.408931],[50.462754,54.428452],[50.430944,54.420996],[50.386738,54.48487],[50.374246,54.493499],[50.341713,54.486676],[50.333797,54.471307],[50.343475,54.462622],[50.302523,54.45653],[50.307483,54.442655],[50.273491,54.44163],[50.235873,54.446815],[50.223149,54.492175],[50.195225,54.501175],[50.092459,54.5066]]]},"id":1},{"type":"Feature","properties":{"name":"Саранск","cartodb_id":21,"created_at":"2013-12-04T04:23:51+0100","updated_at":"2013-12-04T08:10:41+0100","name_latin":"Republic of Mordovia"},"geometry":{"type":"Polygon","coordinates":[[[42.442662,54.825224],[42.407356,54.842369],[42.3891,54.830207],[42.393684,54.812263],[42.42683,54.814853],[42.421806,54.798948],[42.389103,54.789667],[42.388067,54.780686],[42.411087,54.765364],[42.395078,54.751232],[42.42891,54.739147],[42.428558,54.722557],[42.412899,54.707919],[42.439807,54.709716],[42.4784,54.690565],[42.500038,54.704323],[42.540755,54.684936],[42.541867,54.675006],[42.573411,54.683965],[42.588876,54.704496],[42.602024,54.699853],[42.643047,54.671403],[42.620803,54.663243],[42.597332,54.635541],[42.608495,54.627427],[42.631418,54.62953],[42.620953,54.611446],[42.648882,54.587932],[42.688461,54.580993],[42.684363,54.570882],[42.634424,54.569587],[42.607795,54.560514],[42.62881,54.554653],[42.599169,54.546773],[42.61237,54.538467],[42.606069,54.525409],[42.624967,54.522011],[42.632614,54.493776],[42.611254,54.489156],[42.605587,54.510034],[42.591946,54.501813],[42.562258,54.505203],[42.556252,54.486663],[42.565607,54.477741],[42.552738,54.457249],[42.530773,54.440734],[42.551791,54.428209],[42.567065,54.442481],[42.583538,54.444723],[42.584744,54.425562],[42.620432,54.401595],[42.628586,54.375868],[42.577963,54.365521],[42.543555,54.372819],[42.529911,54.370217],[42.49645,54.342668],[42.487528,54.328464],[42.493016,54.310795],[42.477745,54.299079],[42.404984,54.284658],[42.398206,54.263011],[42.386967,54.253944],[42.327165,54.24928],[42.321926,54.234788],[42.299961,54.226212],[42.255259,54.239456],[42.240932,54.23895],[42.207214,54.253839],[42.163367,54.258106],[42.196399,54.231181],[42.226176,54.224009],[42.207643,54.218189],[42.215877,54.203837],[42.202148,54.188527],[42.236297,54.182254],[42.222057,54.17467],[42.288121,54.153619],[42.316267,54.150705],[42.349386,54.161961],[42.353847,54.175573],[42.339089,54.190387],[42.392369,54.209407],[42.365086,54.218391],[42.391345,54.240759],[42.395634,54.254498],[42.433386,54.25705],[42.489413,54.214926],[42.505115,54.214275],[42.546042,54.192495],[42.583538,54.177787],[42.598899,54.184863],[42.632701,54.165027],[42.649948,54.166381],[42.667966,54.156738],[42.689115,54.129681],[42.675398,54.127981],[42.669366,54.140924],[42.607048,54.152968],[42.579333,54.165228],[42.545616,54.143215],[42.528799,54.148698],[42.520645,54.132308],[42.53566,54.117077],[42.550934,54.1211],[42.572044,54.083319],[42.49808,54.070025],[42.45947,54.08503],[42.449604,54.103745],[42.451234,54.122406],[42.433812,54.120392],[42.417168,54.103094],[42.376241,54.098562],[42.379416,54.090964],[42.328622,54.087344],[42.312322,54.082463],[42.303136,54.09982],[42.326046,54.106364],[42.325445,54.122607],[42.283234,54.104851],[42.288809,54.096248],[42.261952,54.087393],[42.292582,54.062424],[42.325191,54.051592],[42.363887,54.018338],[42.416742,54.010119],[42.444625,53.995998],[42.439305,53.958004],[42.444366,53.943007],[42.40464,53.938362],[42.383019,53.923458],[42.356509,53.887619],[42.35023,53.853669],[42.357451,53.826181],[42.322876,53.813167],[42.311894,53.799125],[42.371838,53.795215],[42.387662,53.805338],[42.409472,53.798938],[42.417906,53.781768],[42.412782,53.763974],[42.45578,53.773176],[42.485899,53.760749],[42.474226,53.75431],[42.498596,53.734776],[42.562126,53.733439],[42.522144,53.746636],[42.52257,53.757085],[42.505803,53.760496],[42.494995,53.778096],[42.51138,53.81058],[42.526479,53.810173],[42.555995,53.830742],[42.590057,53.836764],[42.588943,53.809468],[42.568867,53.809872],[42.556252,53.800501],[42.558398,53.779728],[42.534973,53.76502],[42.547844,53.749295],[42.570068,53.749389],[42.58886,53.77115],[42.601127,53.770893],[42.6291,53.80906],[42.648575,53.817569],[42.665651,53.801308],[42.698857,53.81519],[42.739018,53.81679],[42.707692,53.779967],[42.702032,53.74944],[42.727085,53.739494],[42.753254,53.764553],[42.745793,53.784582],[42.759604,53.825475],[42.790234,53.807437],[42.837598,53.814232],[42.896283,53.794468],[42.931977,53.795533],[42.972735,53.810986],[42.968533,53.822181],[43.02353,53.82983],[43.027393,53.823955],[43.062055,53.819145],[43.023358,53.814178],[43.072694,53.810782],[43.078358,53.83849],[43.045323,53.840055],[43.046951,53.856356],[43.09672,53.87381],[43.106242,53.853976],[43.138591,53.825069],[43.156781,53.820004],[43.180034,53.834538],[43.164758,53.877757],[43.169308,53.886253],[43.130696,53.896469],[43.10762,53.894194],[43.100064,53.928203],[43.129926,53.940028],[43.126751,53.977284],[43.182778,53.968601],[43.190184,53.993583],[43.240036,53.989494],[43.238752,53.995748],[43.288085,53.999832],[43.289889,54.009061],[43.315971,54.024188],[43.336877,54.012186],[43.347603,53.997465],[43.397371,53.997515],[43.402086,53.985256],[43.458459,53.978798],[43.464293,53.987579],[43.494243,54.002202],[43.514491,53.996455],[43.535252,54.014353],[43.553872,54.006339],[43.580126,53.981116],[43.615648,53.975968],[43.61522,53.964411],[43.632983,53.964967],[43.686692,53.95437],[43.69107,53.950276],[43.745811,53.959363],[43.748472,53.967391],[43.766749,53.953105],[43.846455,53.924113],[43.865764,53.895657],[43.923849,53.87381],[43.933371,53.85666],[43.904373,53.846232],[43.917324,53.839855],[43.901196,53.834489],[43.906434,53.81661],[43.859671,53.805976],[43.883263,53.801055],[43.895878,53.786458],[43.916213,53.786866],[43.927452,53.770688],[43.958426,53.76435],[43.982364,53.740151],[43.995839,53.7503],[44.039338,53.744668],[44.052551,53.731831],[44.075034,53.739089],[44.08816,53.725382],[44.103606,53.734776],[44.119049,53.730156],[44.122309,53.710914],[44.11407,53.692526],[44.144189,53.691762],[44.148737,53.704363],[44.195328,53.703245],[44.202533,53.693845],[44.295369,53.690848],[44.311932,53.692218],[44.317853,53.706852],[44.355774,53.705526],[44.371566,53.721574],[44.381859,53.704461],[44.371911,53.694049],[44.414121,53.697857],[44.458908,53.663962],[44.504989,53.665942],[44.511503,53.675553],[44.53682,53.677686],[44.54162,53.670367],[44.514087,53.66086],[44.494346,53.660402],[44.505153,53.649065],[44.537161,53.655571],[44.532531,53.660913],[44.586661,53.666202],[44.587957,53.685924],[44.620134,53.683381],[44.62459,53.688869],[44.656429,53.683278],[44.715204,53.680125],[44.731592,53.700704],[44.725927,53.710556],[44.700528,53.723098],[44.689718,53.750708],[44.638576,53.755325],[44.636261,53.770538],[44.618507,53.769421],[44.635493,53.785296],[44.64982,53.778651],[44.669206,53.782048],[44.654191,53.799584],[44.603824,53.798975],[44.6004,53.839449],[44.590701,53.844816],[44.613269,53.857618],[44.607604,53.881195],[44.630773,53.891714],[44.651278,53.886406],[44.639436,53.904151],[44.660284,53.904255],[44.685678,53.914915],[44.695811,53.900208],[44.723096,53.886406],[44.724896,53.897021],[44.743429,53.907334],[44.721466,53.91618],[44.72678,53.92315],[44.750813,53.920275],[44.803149,53.92669],[44.817476,53.933814],[44.831459,53.963251],[44.856686,53.95962],[44.871526,53.968503],[44.903621,53.959969],[44.932706,53.960478],[44.923954,53.946844],[44.960246,53.964313],[44.984281,53.957396],[44.988735,53.9684],[45.007186,53.971125],[45.007268,53.959113],[45.07085,53.960576],[45.115982,53.946189],[45.132713,53.967644],[45.144556,53.964111],[45.176467,53.971527],[45.18934,53.958155],[45.21225,53.956692],[45.270686,53.916688],[45.282606,53.9181],[45.295475,53.90253],[45.298482,53.871534],[45.35717,53.870064],[45.362234,53.881299],[45.415435,53.89788],[45.472745,53.900158],[45.485437,53.890096],[45.541814,53.895003],[45.517101,53.917897],[45.540873,53.92937],[45.564036,53.929465],[45.633792,53.913755],[45.661675,53.918154],[45.704491,53.895757],[45.73624,53.905925],[45.710335,53.932398],[45.718741,53.946692],[45.737698,53.94159],[45.780173,53.965421],[45.813633,53.975716],[45.79665,53.985759],[45.815348,53.992367],[45.845556,53.993172],[45.870607,54.000688],[45.89412,54.019242],[45.905014,54.047918],[45.889915,54.061819],[45.929382,54.076922],[45.944915,54.093633],[45.957786,54.095239],[45.96928,54.127835],[45.955466,54.147289],[45.967396,54.154323],[45.969883,54.138093],[45.988159,54.152414],[46.005831,54.148848],[46.003261,54.135731],[46.016733,54.129446],[46.038522,54.139646],[46.062373,54.170452],[46.083575,54.176427],[46.086833,54.165879],[46.103995,54.163974],[46.12235,54.176982],[46.1269,54.165576],[46.155379,54.154425],[46.186101,54.167235],[46.192366,54.179893],[46.228312,54.186469],[46.254055,54.172458],[46.264694,54.183154],[46.283062,54.183403],[46.281083,54.192846],[46.304076,54.197965],[46.3239,54.190137],[46.361742,54.200121],[46.369033,54.210062],[46.397946,54.210359],[46.404468,54.217685],[46.385849,54.233583],[46.420681,54.24848],[46.44085,54.270431],[46.460664,54.261509],[46.47371,54.268577],[46.511379,54.264668],[46.541404,54.273034],[46.540123,54.283504],[46.577444,54.28541],[46.616823,54.297128],[46.622231,54.290621],[46.663933,54.295173],[46.655862,54.300884],[46.684518,54.304336],[46.705543,54.326711],[46.697828,54.337313],[46.705291,54.35897],[46.723995,54.373468],[46.71121,54.378615],[46.729482,54.401948],[46.708287,54.39845],[46.654581,54.39825],[46.609701,54.406492],[46.575211,54.398001],[46.562776,54.404692],[46.534027,54.398745],[46.528276,54.41288],[46.500991,54.428505],[46.490875,54.443429],[46.506572,54.457296],[46.492495,54.462183],[46.506919,54.470363],[46.526566,54.463931],[46.544414,54.46807],[46.534713,54.477093],[46.584736,54.486064],[46.571612,54.502561],[46.557627,54.488458],[46.51378,54.485615],[46.492495,54.474255],[46.459293,54.48158],[46.485121,54.490401],[46.485206,54.504254],[46.528966,54.518056],[46.539864,54.559021],[46.509573,54.552451],[46.496099,54.560662],[46.536418,54.5731],[46.521321,54.587969],[46.477726,54.57688],[46.455693,54.579617],[46.41915,54.561215],[46.403024,54.574192],[46.409115,54.583342],[46.463864,54.605165],[46.500659,54.626381],[46.535834,54.631893],[46.525617,54.654832],[46.421202,54.688222],[46.440595,54.698917],[46.433729,54.707395],[46.454323,54.719589],[46.409037,54.731975],[46.408442,54.740002],[46.441731,54.761445],[46.405606,54.77753],[46.449103,54.785992],[46.426299,54.790789],[46.399953,54.806872],[46.382018,54.830457],[46.400897,54.86005],[46.390421,54.865328],[46.410591,54.874072],[46.373013,54.893616],[46.370261,54.90649],[46.339282,54.91256],[46.326326,54.920945],[46.32684,54.93677],[46.310885,54.928735],[46.29612,54.943225],[46.282571,54.938099],[46.27133,54.962842],[46.243187,54.977962],[46.287887,54.992389],[46.275798,55.00056],[46.293037,55.028402],[46.279319,55.034057],[46.226845,55.083002],[46.182139,55.068561],[46.202126,55.049692],[46.207103,55.032733],[46.1799,55.026287],[46.184022,55.019353],[46.154598,54.973984],[46.13015,54.996485],[46.143967,55.005783],[46.137705,55.022711],[46.061001,55.047639],[46.034488,55.027136],[45.998884,55.025024],[45.97341,55.001105],[45.944325,54.997515],[45.927419,55.003075],[45.923738,54.993674],[45.898507,54.998448],[45.904168,55.004454],[45.829161,55.009269],[45.809006,54.997754],[45.807111,55.005869],[45.722519,54.991403],[45.698321,55.011776],[45.73417,55.04171],[45.717695,55.047711],[45.74328,55.057063],[45.752112,55.067922],[45.718997,55.08035],[45.73384,55.093314],[45.748947,55.090859],[45.75589,55.114472],[45.783599,55.116384],[45.777603,55.144053],[45.76138,55.155669],[45.736751,55.147678],[45.73461,55.165426],[45.749196,55.168957],[45.72766,55.184632],[45.703121,55.190268],[45.690082,55.18091],[45.640229,55.177921],[45.61475,55.162241],[45.593126,55.16577],[45.584289,55.142435],[45.592266,55.130072],[45.550225,55.13174],[45.569781,55.101517],[45.527845,55.098275],[45.509145,55.110302],[45.486402,55.112268],[45.483294,55.084672],[45.46176,55.081775],[45.462445,55.071754],[45.422554,55.038037],[45.421346,55.024961],[45.43654,55.008186],[45.419462,55.004742],[45.437051,54.982688],[45.44683,54.982101],[45.445806,54.957524],[45.415256,54.947077],[45.432503,54.933619],[45.422639,54.920162],[45.43808,54.910789],[45.425473,54.905067],[45.426846,54.885528],[45.391494,54.87393],[45.371238,54.882172],[45.298144,54.878076],[45.283211,54.868448],[45.259011,54.878423],[45.230701,54.877285],[45.222378,54.860058],[45.227265,54.84573],[45.226577,54.802827],[45.209673,54.802924],[45.216108,54.779226],[45.189256,54.751461],[45.158715,54.7722],[45.158369,54.786553],[45.133563,54.786354],[45.111952,54.800055],[45.077714,54.773143],[45.073589,54.763587],[45.034551,54.742691],[45.018253,54.705283],[45.034551,54.691147],[45.071197,54.671654],[45.08741,54.652352],[45.036103,54.629858],[45.052058,54.621014],[45.030604,54.605512],[45.045703,54.597464],[45.047684,54.58165],[45.03018,54.582248],[45.011049,54.570761],[45.016883,54.547474],[45.035496,54.54653],[45.070591,54.559667],[45.101655,54.543398],[45.08818,54.530252],[45.10963,54.523827],[45.116405,54.532045],[45.141635,54.52816],[45.126884,54.51646],[45.139918,54.489457],[45.107319,54.479136],[45.099935,54.468519],[45.038416,54.480232],[45.02469,54.49439],[45.014308,54.484224],[44.965142,54.487611],[44.95879,54.479041],[44.907995,54.463531],[44.850685,54.489257],[44.844933,54.479833],[44.804176,54.488858],[44.806583,54.501412],[44.769772,54.520891],[44.741797,54.505602],[44.700698,54.494338],[44.687659,54.484424],[44.651452,54.485566],[44.58624,54.471508],[44.575253,54.480135],[44.602628,54.487364],[44.602366,54.517402],[44.619532,54.522534],[44.622881,54.495784],[44.658824,54.514816],[44.626656,54.556182],[44.598596,54.570262],[44.580232,54.572801],[44.558443,54.532142],[44.536737,54.517904],[44.525583,54.525573],[44.461659,54.522933],[44.43094,54.533386],[44.404768,54.534631],[44.405199,54.547974],[44.381515,54.552105],[44.371133,54.583641],[44.35629,54.590453],[44.308583,54.590453],[44.271862,54.60621],[44.248113,54.597503],[44.235759,54.603166],[44.200579,54.596459],[44.194658,54.613701],[44.172005,54.635362],[44.120093,54.633919],[44.101649,54.645291],[44.06844,54.648567],[44.079934,54.676357],[44.07839,54.70403],[44.094179,54.718352],[44.09598,54.734113],[44.068097,54.743426],[44.031286,54.741489],[44.002889,54.72792],[43.973629,54.727426],[43.921118,54.739324],[43.915027,54.753784],[43.957756,54.806086],[43.861144,54.80495],[43.77354,54.819436],[43.78006,54.829669],[43.748212,54.821864],[43.690637,54.831749],[43.672874,54.841729],[43.618222,54.854423],[43.632036,54.862077],[43.614709,54.870869],[43.614365,54.883407],[43.590768,54.902653],[43.520838,54.899643],[43.465669,54.909411],[43.454771,54.934408],[43.422021,54.935277],[43.407645,54.929519],[43.388853,54.935592],[43.386935,54.956907],[43.341734,54.950598],[43.340037,54.940904],[43.362573,54.93224],[43.35547,54.905895],[43.300436,54.910963],[43.28735,54.929483],[43.265818,54.91256],[43.242986,54.919565],[43.223367,54.910532],[43.21244,54.892056],[43.169227,54.897769],[43.141245,54.855142],[43.131063,54.849259],[43.138148,54.829512],[43.11591,54.794375],[43.086784,54.775022],[43.046913,54.772469],[43.03314,54.794118],[43.020443,54.78492],[42.968963,54.797617],[42.952109,54.782394],[42.924684,54.780464],[42.901959,54.759991],[42.885506,54.767088],[42.853161,54.765487],[42.832058,54.770336],[42.818053,54.754304],[42.79367,54.754855],[42.809342,54.770075],[42.786079,54.777049],[42.772876,54.789618],[42.738283,54.787761],[42.741648,54.812669],[42.724419,54.818554],[42.672316,54.807089],[42.641943,54.781992],[42.61555,54.78209],[42.601969,54.79257],[42.579816,54.787432],[42.571163,54.796266],[42.543476,54.803493],[42.534132,54.817507],[42.501685,54.83814],[42.475039,54.819597],[42.448387,54.810519],[42.444321,54.798354],[42.457904,54.801894],[42.503668,54.770663],[42.509725,54.750742],[42.454866,54.750434],[42.433575,54.793561],[42.425528,54.805582],[42.442662,54.825224]]]},"id":23},{"type":"Feature","properties":{"name":"Казань","cartodb_id":16,"created_at":"2013-12-04T04:23:51+0100","updated_at":"2013-12-04T08:10:49+0100","name_latin":"Republic of Tatarstan"},"geometry":{"type":"MultiPolygon","coordinates":[[[[47.294091,54.847865],[47.322108,54.842708],[47.325065,54.852519],[47.294091,54.847865]]],[[[48.406167,55.825699],[48.395434,55.825896],[48.395095,55.808846],[48.420602,55.793605],[48.412517,55.783752],[48.361696,55.77266],[48.346176,55.777868],[48.337433,55.769164],[48.309992,55.781634],[48.266329,55.78055],[48.28179,55.761588],[48.237683,55.748679],[48.251925,55.735469],[48.232289,55.712948],[48.241025,55.706249],[48.23507,55.689446],[48.222262,55.687399],[48.145872,55.693047],[48.128601,55.688965],[48.135665,55.673297],[48.129499,55.646347],[48.110249,55.651781],[48.108215,55.690318],[48.083966,55.694768],[48.086901,55.650081],[48.033466,55.650973],[48.034203,55.637255],[48.010683,55.629275],[48.013511,55.599305],[48.028512,55.606866],[48.05501,55.607523],[48.082042,55.616307],[48.067124,55.595799],[48.071819,55.585401],[48.09899,55.5774],[48.103694,55.568879],[48.136495,55.573593],[48.147589,55.565033],[48.108465,55.546373],[48.107967,55.524123],[48.080575,55.521233],[48.07074,55.528646],[48.05649,55.513454],[48.039149,55.524643],[47.969208,55.51546],[47.976795,55.491518],[47.928423,55.475212],[47.912739,55.429404],[47.897568,55.429401],[47.89266,55.414043],[47.872987,55.412889],[47.876666,55.392661],[47.860835,55.391617],[47.838792,55.373605],[47.802951,55.366395],[47.808679,55.3511],[47.780374,55.333057],[47.75588,55.337979],[47.741199,55.352127],[47.70341,55.349249],[47.690989,55.361437],[47.645109,55.33553],[47.662802,55.33527],[47.683704,55.323971],[47.684911,55.30616],[47.699566,55.285032],[47.687218,55.233977],[47.66852,55.230648],[47.669943,55.214213],[47.703214,55.215842],[47.709326,55.230822],[47.737754,55.238215],[47.783703,55.23867],[47.789585,55.271656],[47.80032,55.281833],[47.788535,55.29777],[47.804031,55.302955],[47.822929,55.279783],[47.865833,55.268256],[47.866865,55.254228],[47.901726,55.262231],[47.864214,55.284068],[47.873809,55.304521],[47.872431,55.321496],[47.89441,55.315475],[47.911613,55.322252],[47.96023,55.304534],[47.976536,55.303477],[48.016183,55.28475],[48.004708,55.266106],[48.012912,55.238265],[48.021094,55.232698],[48.064316,55.229142],[48.074998,55.175321],[48.107665,55.145905],[48.102603,55.135901],[48.061378,55.12863],[48.086793,55.093943],[48.063163,55.083669],[48.03788,55.108639],[48.035255,55.118429],[48.017526,55.115682],[48.014628,55.105008],[47.982929,55.097506],[47.959439,55.098456],[47.943197,55.090897],[47.901614,55.091834],[47.906185,55.072764],[47.900018,55.052815],[47.918852,55.045647],[47.930529,55.026238],[47.95135,55.037358],[47.936155,55.049648],[47.945375,55.061714],[47.972746,55.064679],[47.975521,55.040936],[47.99686,55.053445],[48.01335,55.036869],[48.028034,55.039695],[48.011604,54.98553],[47.976187,54.952781],[47.941161,54.945159],[47.930318,54.950062],[47.895728,54.941669],[47.852162,54.961876],[47.823814,54.959623],[47.808262,54.964803],[47.763722,54.954319],[47.769989,54.915319],[47.778167,54.901485],[47.782619,54.869541],[47.801671,54.826487],[47.844877,54.819951],[47.823539,54.803411],[47.795337,54.80506],[47.787322,54.823933],[47.745542,54.897391],[47.735823,54.908911],[47.714598,54.90134],[47.738558,54.896982],[47.722629,54.858919],[47.724882,54.846553],[47.754646,54.81556],[47.744786,54.812796],[47.709967,54.843014],[47.684068,54.839777],[47.658999,54.859546],[47.640404,54.864751],[47.603164,54.832356],[47.576949,54.828649],[47.560501,54.844651],[47.450518,54.861459],[47.453174,54.872501],[47.409066,54.880576],[47.426415,54.83644],[47.387243,54.843009],[47.369252,54.828718],[47.370767,54.781276],[47.358841,54.773965],[47.387674,54.752798],[47.31728,54.730097],[47.283934,54.712965],[47.258597,54.677532],[47.267867,54.673486],[47.290809,54.674267],[47.370814,54.697904],[47.365012,54.672528],[47.373521,54.655339],[47.391561,54.653039],[47.405286,54.638393],[47.355589,54.627395],[47.344219,54.621302],[47.34828,54.598786],[47.387961,54.523418],[47.396855,54.496409],[47.424562,54.498545],[47.403792,54.527081],[47.435585,54.544217],[47.438299,54.563704],[47.4533,54.567582],[47.485973,54.557025],[47.484604,54.545734],[47.506725,54.551483],[47.539343,54.530415],[47.578564,54.532811],[47.616532,54.55753],[47.634017,54.590038],[47.612967,54.612949],[47.651186,54.625333],[47.693945,54.658187],[47.670676,54.673729],[47.703858,54.695479],[47.711574,54.708718],[47.699687,54.716239],[47.717752,54.735028],[47.822985,54.728389],[47.835538,54.689849],[47.789423,54.6901],[47.770618,54.682118],[47.816443,54.641706],[47.909532,54.647899],[47.928628,54.64042],[47.925297,54.667446],[47.90709,54.666716],[47.903466,54.696397],[47.928122,54.699064],[47.920709,54.719614],[47.945605,54.726098],[47.956142,54.711976],[48.021554,54.727712],[48.038917,54.703998],[48.08097,54.713872],[48.07147,54.735065],[48.069622,54.763731],[48.103415,54.766523],[48.098001,54.738563],[48.115128,54.739055],[48.152644,54.723838],[48.214507,54.736024],[48.211251,54.72357],[48.24946,54.717956],[48.277705,54.730936],[48.265509,54.711788],[48.244404,54.702361],[48.240329,54.691676],[48.280743,54.663243],[48.334246,54.703423],[48.361461,54.693248],[48.351709,54.670966],[48.417203,54.654331],[48.465153,54.625211],[48.881741,54.625206],[48.88178,54.79602],[49.012552,54.796073],[49.031862,54.814931],[49.045095,54.803485],[49.09039,54.788549],[49.125633,54.802022],[49.148209,54.841825],[49.180497,54.852594],[49.238971,54.841559],[49.271525,54.861326],[49.239584,54.880309],[49.288299,54.891446],[49.326852,54.868201],[49.357766,54.840107],[49.405554,54.839052],[49.407582,54.830578],[49.377965,54.827704],[49.436885,54.803223],[49.476072,54.778521],[49.490032,54.748164],[49.485784,54.732251],[49.525816,54.723598],[49.489771,54.709728],[49.479729,54.688562],[49.515484,54.695095],[49.551035,54.668061],[49.536091,54.649841],[49.533726,54.621959],[49.581222,54.615054],[49.584151,54.597493],[49.551415,54.576555],[49.560315,54.56201],[49.620253,54.555861],[49.684911,54.577329],[49.734363,54.576718],[49.76736,54.571041],[49.7859,54.560068],[49.804095,54.564632],[49.848147,54.537221],[49.941565,54.535254],[49.95358,54.522507],[49.952806,54.508811],[49.967143,54.500718],[49.98946,54.517008],[50.015666,54.50665],[50.053813,54.509024],[50.092459,54.5066],[50.195225,54.501175],[50.223149,54.492175],[50.235873,54.446815],[50.273491,54.44163],[50.307483,54.442655],[50.302523,54.45653],[50.343475,54.462622],[50.333797,54.471307],[50.341713,54.486676],[50.374246,54.493499],[50.386738,54.48487],[50.430944,54.420996],[50.462754,54.428452],[50.473904,54.408931],[50.477722,54.383468],[50.48703,54.366588],[50.506056,54.350623],[50.483048,54.345894],[50.493517,54.332796],[50.521263,54.324949],[50.564253,54.34851],[50.575846,54.343998],[50.621465,54.370689],[50.636842,54.371611],[50.648443,54.38512],[50.676899,54.395755],[50.736443,54.40472],[50.750244,54.375901],[50.77627,54.376239],[50.821745,54.363758],[50.847164,54.367571],[50.87544,54.384392],[50.889471,54.371788],[50.907298,54.37034],[50.899561,54.343385],[50.95126,54.342639],[50.954356,54.392084],[50.982312,54.396867],[50.991676,54.405911],[50.984444,54.437996],[51.020896,54.46965],[51.000898,54.482101],[51.008365,54.549436],[51.07442,54.540209],[51.099982,54.571067],[51.100573,54.586824],[51.14874,54.613979],[51.150032,54.639612],[51.190287,54.659565],[51.225568,54.647674],[51.228203,54.631567],[51.279109,54.641699],[51.288439,54.652738],[51.312781,54.646819],[51.331128,54.654979],[51.355951,54.652574],[51.381069,54.664561],[51.389252,54.677006],[51.40396,54.668167],[51.39253,54.647401],[51.396017,54.637022],[51.381283,54.612093],[51.381752,54.588079],[51.500054,54.596834],[51.513411,54.595142],[51.518946,54.65061],[51.538825,54.649721],[51.584902,54.606412],[51.633644,54.565003],[51.663209,54.569098],[51.690692,54.555788],[51.726749,54.552565],[51.777251,54.556853],[51.789261,54.536625],[51.823001,54.539151],[51.86003,54.53476],[51.875862,54.527592],[51.906705,54.538079],[51.928783,54.535055],[51.920907,54.524169],[51.937886,54.516537],[51.940416,54.483639],[51.951537,54.473445],[51.942378,54.442035],[51.928434,54.445692],[51.914558,54.436567],[51.904274,54.412542],[51.951046,54.414138],[51.954145,54.426878],[51.975662,54.428329],[51.965953,54.419115],[51.978997,54.411283],[52.01623,54.414002],[51.985562,54.416436],[51.991543,54.427085],[52.026872,54.426152],[52.034886,54.41429],[52.065442,54.418411],[52.046007,54.387357],[52.058747,54.373961],[52.036276,54.355165],[52.054754,54.342527],[52.092545,54.328304],[52.107242,54.339381],[52.116466,54.361239],[52.101115,54.364172],[52.104233,54.381598],[52.09553,54.391193],[52.11787,54.391593],[52.126066,54.373401],[52.147482,54.363056],[52.177387,54.375267],[52.182523,54.391691],[52.198538,54.406983],[52.188959,54.41785],[52.242889,54.439682],[52.293818,54.434834],[52.298205,54.447029],[52.343376,54.439081],[52.367222,54.398661],[52.397094,54.412728],[52.388318,54.446251],[52.431969,54.474165],[52.43596,54.464314],[52.486742,54.4666],[52.502117,54.459062],[52.484837,54.436125],[52.504034,54.437537],[52.501824,54.391239],[52.489178,54.39007],[52.506097,54.373703],[52.568276,54.340128],[52.573179,54.349483],[52.602655,54.365607],[52.622826,54.356098],[52.638066,54.338272],[52.678207,54.357831],[52.696425,54.360757],[52.755502,54.349043],[52.8053,54.335002],[52.84457,54.313596],[52.877998,54.325628],[52.897121,54.317069],[52.917656,54.320039],[52.934188,54.308426],[52.952239,54.306951],[52.927788,54.292028],[52.904269,54.290593],[52.890558,54.276983],[52.922449,54.268675],[52.935902,54.277177],[52.945415,54.268671],[52.98129,54.268161],[52.978842,54.286455],[53.029466,54.291641],[53.025673,54.303075],[52.990646,54.318612],[53.016833,54.322738],[53.011303,54.333979],[53.056297,54.352738],[53.081858,54.317485],[53.115194,54.311969],[53.124611,54.301575],[53.15518,54.288275],[53.116426,54.267219],[53.143489,54.251756],[53.130439,54.24234],[53.097554,54.23443],[53.044416,54.245803],[53.074925,54.221105],[53.027078,54.220662],[53.004273,54.237965],[52.954906,54.235049],[52.950733,54.212322],[52.970985,54.205598],[52.962821,54.191088],[52.974662,54.179371],[53.025076,54.16898],[53.046302,54.138575],[53.044023,54.131547],[53.096854,54.125289],[53.083714,54.092348],[53.058766,54.082654],[53.062389,54.065377],[53.092525,54.079139],[53.133062,54.076905],[53.171209,54.084727],[53.198409,54.096781],[53.199975,54.111576],[53.236603,54.113463],[53.254303,54.098034],[53.228191,54.096755],[53.225771,54.087275],[53.287181,54.087859],[53.290863,54.076162],[53.282151,54.037567],[53.30719,54.016889],[53.321745,54.017714],[53.346783,54.001296],[53.36886,53.974244],[53.404099,53.997322],[53.414488,54.030531],[53.445952,54.043073],[53.500606,54.056129],[53.4722,54.0917],[53.4706,54.1158],[53.4545,54.1539],[53.4571,54.1718],[53.4366,54.1875],[53.4356,54.2235],[53.4239,54.2336],[53.4367,54.2416],[53.4192,54.2581],[53.4408,54.2601],[53.419313,54.30742],[53.432359,54.327856],[53.399845,54.350121],[53.419355,54.360619],[53.381851,54.375212],[53.398792,54.382388],[53.404462,54.397053],[53.386261,54.41684],[53.417046,54.435317],[53.404029,54.449074],[53.424189,54.455364],[53.415256,54.470263],[53.434387,54.479517],[53.437452,54.496616],[53.426929,54.507159],[53.434379,54.550383],[53.422711,54.564303],[53.437896,54.571828],[53.459133,54.565256],[53.47038,54.571764],[53.466894,54.588953],[53.489398,54.592603],[53.490357,54.60187],[53.511976,54.617107],[53.531842,54.616781],[53.546874,54.631265],[53.571059,54.640495],[53.5693,54.6705],[53.6097,54.6955],[53.6149,54.7044],[53.6125,54.7395],[53.6192,54.7474],[53.6063,54.788],[53.610457,54.810367],[53.593066,54.809682],[53.622774,54.878513],[53.637366,54.880269],[53.636504,54.899498],[53.648184,54.908455],[53.617124,54.906188],[53.588445,54.885896],[53.553362,54.878503],[53.5535,54.8881],[53.507682,54.914218],[53.51806,54.924777],[53.476099,54.950344],[53.482486,54.961686],[53.47511,54.978258],[53.44267,54.994621],[53.431194,54.993997],[53.371849,55.025013],[53.321526,55.021277],[53.319335,55.043372],[53.298459,55.046311],[53.276383,55.040976],[53.269505,55.048659],[53.294045,55.070675],[53.269498,55.078052],[53.264145,55.099769],[53.250295,55.10447],[53.170297,55.1052],[53.161102,55.114022],[53.158294,55.165716],[53.207989,55.158837],[53.241394,55.17459],[53.283468,55.171541],[53.318673,55.16222],[53.368441,55.179223],[53.378185,55.17562],[53.398238,55.191883],[53.362239,55.202065],[53.426972,55.230037],[53.466611,55.228466],[53.482911,55.216589],[53.516353,55.213979],[53.616626,55.214323],[53.627864,55.227383],[53.602269,55.262642],[53.673076,55.288411],[53.686497,55.301295],[53.685995,55.318991],[53.7001,55.3308],[53.717,55.3232],[53.74,55.3371],[53.7771,55.3497],[53.786,55.3415],[53.8541,55.3668],[53.8827,55.3707],[53.8874,55.3912],[53.8752,55.3978],[53.900854,55.40744],[53.902602,55.42843],[53.927291,55.444216],[53.926926,55.455099],[53.978624,55.46587],[53.958814,55.482991],[53.978448,55.482801],[53.966076,55.529181],[53.982886,55.52979],[54.004173,55.550763],[54.023434,55.538432],[54.042572,55.546077],[54.031063,55.559244],[54.071294,55.572625],[54.07906,55.586582],[54.107653,55.583319],[54.141629,55.609011],[54.182916,55.622447],[54.175246,55.634957],[54.203851,55.642312],[54.198257,55.660818],[54.240793,55.676896],[54.265888,55.704039],[54.255689,55.720834],[54.234018,55.706363],[54.208897,55.702633],[54.171663,55.716081],[54.162807,55.739211],[54.127829,55.749207],[54.116207,55.763783],[54.129927,55.780451],[54.106772,55.774039],[54.0237,55.7819],[54,55.7972],[53.9707,55.7848],[53.952013,55.790528],[53.94242,55.813033],[53.99175,55.847449],[53.938073,55.846524],[53.856133,55.849799],[53.88881,55.859657],[53.893719,55.874328],[53.879525,55.886982],[53.856336,55.882445],[53.854127,55.869071],[53.838584,55.870704],[53.825437,55.891485],[53.808252,55.897436],[53.784106,55.895104],[53.760793,55.908521],[53.741982,55.903634],[53.72827,55.885983],[53.710224,55.893027],[53.708493,55.908907],[53.719374,55.924025],[53.697341,55.925082],[53.682536,55.916414],[53.624322,55.914551],[53.623473,55.908909],[53.579757,55.90215],[53.557521,55.912137],[53.532241,55.906764],[53.507646,55.88672],[53.478997,55.87671],[53.436986,55.875152],[53.413967,55.858484],[53.348052,55.855303],[53.271711,55.859569],[53.240618,55.872167],[53.25308,55.884487],[53.250417,55.896559],[53.22217,55.895562],[53.200002,55.926013],[53.219134,55.940775],[53.257555,55.93497],[53.295859,55.947775],[53.326742,55.987505],[53.340592,55.978752],[53.387464,55.991433],[53.392794,56.000337],[53.359959,56.005378],[53.365395,56.01673],[53.403354,56.007025],[53.451607,56.018596],[53.475272,56.039445],[53.441672,56.049658],[53.440649,56.064614],[53.480002,56.101205],[53.500013,56.133511],[53.523714,56.117237],[53.551724,56.118149],[53.568052,56.125731],[53.56423,56.138877],[53.580648,56.146272],[53.574829,56.180838],[53.552748,56.191886],[53.559882,56.215635],[53.575332,56.236981],[53.531333,56.238731],[53.48834,56.234566],[53.454996,56.257194],[53.447116,56.271196],[53.426542,56.275065],[53.400229,56.263044],[53.385672,56.265059],[53.306748,56.250358],[53.273262,56.253513],[53.233604,56.239378],[53.289595,56.230456],[53.315115,56.216211],[53.350944,56.165816],[53.363895,56.129358],[53.34711,56.109331],[53.370341,56.102424],[53.383501,56.090312],[53.364057,56.089622],[53.366844,56.071078],[53.33283,56.062106],[53.313467,56.071621],[53.288165,56.072028],[53.263666,56.09115],[53.263174,56.107618],[53.22271,56.090752],[53.193653,56.103465],[53.155232,56.158943],[53.141962,56.161147],[53.1122,56.145573],[53.088002,56.14118],[53.10837,56.122272],[53.101508,56.114682],[53.064148,56.129808],[53.059643,56.149255],[53.08886,56.174949],[53.066614,56.177938],[53.06336,56.169992],[53.045933,56.183214],[53.048155,56.197086],[53.065107,56.21165],[53.041467,56.224384],[53.025171,56.217672],[53.050152,56.208909],[53.02636,56.196433],[53.042938,56.170669],[52.999291,56.177529],[53.003819,56.200097],[53.021486,56.202806],[53.009818,56.215781],[52.987318,56.210257],[52.974289,56.223665],[52.965534,56.256086],[52.96874,56.279893],[52.980404,56.281354],[52.99797,56.258809],[52.990802,56.28578],[52.945273,56.282013],[52.986722,56.326079],[52.95852,56.336327],[52.973163,56.344621],[52.963672,56.355202],[52.98911,56.36614],[52.98174,56.388401],[53.000433,56.392734],[53.006075,56.43261],[53.024051,56.446744],[53.087366,56.453921],[53.098269,56.476767],[53.098825,56.500869],[53.087018,56.511086],[53.129737,56.50367],[53.130582,56.517565],[53.144828,56.524698],[53.10649,56.528384],[53.093198,56.52073],[53.069569,56.533292],[53.036356,56.53203],[53.05412,56.540045],[53.033488,56.543349],[53.025507,56.531099],[52.945549,56.538455],[52.967203,56.520349],[52.935059,56.490724],[52.920685,56.500049],[52.889844,56.500476],[52.896021,56.483823],[52.935532,56.484669],[52.931649,56.464146],[52.952423,56.45699],[52.969235,56.459967],[52.963986,56.42843],[52.943366,56.436432],[52.938057,56.416641],[52.924081,56.400796],[52.872482,56.399519],[52.870576,56.389022],[52.8294,56.378934],[52.812366,56.397297],[52.777968,56.397833],[52.781037,56.379893],[52.748253,56.382961],[52.766035,56.374185],[52.762962,56.359201],[52.733103,56.361814],[52.722382,56.325878],[52.697375,56.331041],[52.677948,56.310971],[52.646999,56.293285],[52.658589,56.281619],[52.639879,56.270332],[52.620556,56.282559],[52.602532,56.279317],[52.55531,56.242863],[52.584101,56.222258],[52.626649,56.223272],[52.652181,56.229228],[52.665335,56.221115],[52.737629,56.221247],[52.75734,56.200357],[52.84695,56.187453],[52.827525,56.177577],[52.835969,56.167341],[52.882179,56.159847],[52.874704,56.150318],[52.837809,56.137656],[52.821581,56.118469],[52.87093,56.115299],[52.880856,56.118692],[52.869305,56.095332],[52.845043,56.080128],[52.811105,56.082712],[52.787868,56.100431],[52.763591,56.110176],[52.745329,56.10867],[52.747125,56.125027],[52.712548,56.130197],[52.724457,56.113917],[52.71344,56.102675],[52.744853,56.0958],[52.728629,56.08449],[52.756607,56.06278],[52.745429,56.057345],[52.747544,56.037911],[52.735892,56.006141],[52.756727,55.989558],[52.723577,55.988757],[52.699262,55.999127],[52.68173,55.993474],[52.668531,56.007757],[52.628875,56.015861],[52.61411,56.032784],[52.558678,56.035469],[52.531095,56.060764],[52.499964,56.056767],[52.45639,56.082527],[52.456877,56.07668],[52.427004,56.058084],[52.499403,56.032898],[52.447253,56.008992],[52.436406,56.027056],[52.415712,56.036019],[52.379718,56.019136],[52.353467,56.034136],[52.34035,56.060377],[52.319793,56.072618],[52.290685,56.059605],[52.267872,56.069554],[52.242984,56.098086],[52.211522,56.091916],[52.224067,56.086477],[52.236012,56.064693],[52.254252,56.049764],[52.258377,56.034022],[52.233787,56.040538],[52.21898,56.02117],[52.206527,56.020273],[52.209809,55.980011],[52.237303,55.978344],[52.24645,55.967358],[52.234172,55.947442],[52.179353,55.950341],[52.198673,55.936234],[52.188899,55.923855],[52.158165,55.921706],[52.156222,55.904398],[52.123099,55.905977],[52.088767,55.900923],[52.056168,55.907914],[52.055813,55.918285],[52.080038,55.925803],[52.023252,55.969476],[51.979726,55.976516],[51.979359,55.988097],[51.952489,55.989862],[51.941709,55.961396],[51.929855,55.951743],[51.884322,55.93559],[51.854731,55.946404],[51.842545,55.936216],[51.812961,55.927019],[51.78097,55.886564],[51.76996,55.890978],[51.76259,55.922068],[51.781854,55.93915],[51.748067,55.941209],[51.720575,55.932587],[51.711387,55.941683],[51.737503,55.961703],[51.757614,55.954091],[51.761958,55.968354],[51.742772,55.981557],[51.711647,55.973889],[51.708453,55.94135],[51.665684,55.944045],[51.675836,55.952894],[51.647675,55.971199],[51.619682,55.965075],[51.60178,55.95274],[51.589638,55.954596],[51.556819,55.97704],[51.556888,55.962509],[51.525675,55.953806],[51.490616,55.96021],[51.470138,55.954518],[51.456185,55.922552],[51.417425,55.960242],[51.409258,55.974761],[51.413689,55.991091],[51.397933,56.029644],[51.417707,56.042377],[51.43802,56.034941],[51.474682,56.047718],[51.489833,56.068076],[51.521653,56.069175],[51.546785,56.082977],[51.55981,56.081583],[51.635028,56.090631],[51.645638,56.110942],[51.64003,56.135744],[51.598465,56.126804],[51.574024,56.140989],[51.550112,56.138897],[51.53238,56.122968],[51.509884,56.121719],[51.444008,56.127376],[51.40249,56.11608],[51.346405,56.086189],[51.345599,56.068375],[51.320319,56.060762],[51.308844,56.078253],[51.28663,56.083867],[51.254669,56.079697],[51.218075,56.084197],[51.207984,56.123117],[51.145957,56.124348],[51.129677,56.136729],[51.119748,56.130601],[51.091951,56.134043],[51.091675,56.116499],[51.058532,56.112816],[51.066751,56.131697],[51.032482,56.133667],[50.984957,56.153971],[50.984416,56.183285],[51.002717,56.203645],[50.9341,56.192794],[50.875488,56.196212],[50.868764,56.223568],[50.846866,56.227419],[50.832155,56.240606],[50.871451,56.254609],[50.895228,56.275833],[50.917326,56.278355],[50.913143,56.30763],[50.888398,56.307768],[50.85389,56.355091],[50.883545,56.371771],[50.82413,56.397554],[50.756164,56.410003],[50.741588,56.409196],[50.827078,56.347222],[50.801149,56.340792],[50.742046,56.312816],[50.747378,56.318536],[50.63102,56.338337],[50.615689,56.354768],[50.579791,56.349373],[50.577631,56.358683],[50.617509,56.377046],[50.639824,56.404603],[50.625159,56.409722],[50.594796,56.392785],[50.571828,56.393444],[50.547752,56.408043],[50.499089,56.476043],[50.489004,56.480112],[50.501001,56.496648],[50.534738,56.506487],[50.464257,56.544342],[50.438251,56.550561],[50.453373,56.572091],[50.473809,56.583356],[50.491241,56.60972],[50.452537,56.611329],[50.448577,56.588409],[50.410307,56.575783],[50.416298,56.602811],[50.430506,56.608573],[50.384279,56.635619],[50.370963,56.656227],[50.345692,56.674661],[50.30761,56.675063],[50.30213,56.666005],[50.318158,56.658599],[50.314647,56.641663],[50.299205,56.632284],[50.257675,56.63273],[50.241929,56.628118],[50.223631,56.652051],[50.172819,56.650296],[50.174968,56.634704],[50.158947,56.631894],[50.149412,56.604106],[50.081423,56.611177],[50.061857,56.61314],[50.053581,56.599679],[50.169562,56.592931],[50.202985,56.583254],[50.192858,56.572799],[50.201345,56.557124],[50.160043,56.530607],[50.119262,56.517108],[50.089445,56.516607],[50.08303,56.505663],[50.05647,56.497223],[50.039934,56.485033],[50.037929,56.458014],[49.970484,56.431381],[49.946482,56.428925],[49.928538,56.458441],[49.967272,56.463642],[49.977481,56.469913],[49.987235,56.494623],[49.933392,56.496858],[49.903985,56.476443],[49.919405,56.467339],[49.89751,56.447866],[49.885751,56.447704],[49.86106,56.425313],[49.803606,56.437279],[49.78581,56.448073],[49.753835,56.454004],[49.750548,56.46291],[49.806064,56.489335],[49.813884,56.501165],[49.777231,56.531537],[49.756333,56.537227],[49.73262,56.531461],[49.707403,56.517412],[49.684931,56.51541],[49.664696,56.527425],[49.618808,56.515194],[49.611684,56.502179],[49.569368,56.502881],[49.567596,56.487324],[49.578909,56.478829],[49.581551,56.45921],[49.565345,56.459197],[49.549388,56.43168],[49.506447,56.421256],[49.455574,56.425532],[49.439946,56.440824],[49.451117,56.467959],[49.435871,56.476933],[49.417629,56.473483],[49.42199,56.462872],[49.441279,56.468774],[49.435759,56.447522],[49.409455,56.450295],[49.400395,56.410163],[49.409294,56.397521],[49.394666,56.3561],[49.381475,56.349293],[49.359371,56.363939],[49.339344,56.366506],[49.331366,56.354366],[49.34248,56.343216],[49.334157,56.329954],[49.312777,56.332456],[49.28468,56.346146],[49.252924,56.35005],[49.251641,56.361108],[49.21585,56.390075],[49.167041,56.390303],[49.170712,56.369392],[49.191993,56.365539],[49.133862,56.356452],[49.114449,56.369224],[49.10932,56.346635],[49.080153,56.334948],[49.079259,56.345993],[49.051564,56.34479],[49.041116,56.325022],[49.055362,56.321641],[49.03177,56.308431],[49.031806,56.284657],[48.973401,56.275231],[48.922421,56.256181],[48.937537,56.225379],[49.009691,56.222237],[49.02417,56.235341],[49.04553,56.215833],[49.069652,56.206555],[49.043896,56.188095],[49.009971,56.204535],[48.984553,56.200543],[48.980718,56.162363],[48.953969,56.160633],[48.9477,56.139046],[48.929196,56.13202],[48.894516,56.133043],[48.848632,56.115987],[48.845125,56.094245],[48.829949,56.080957],[48.835911,56.066487],[48.829928,56.050319],[48.777082,56.057728],[48.744356,56.039351],[48.738772,56.052527],[48.716533,56.059498],[48.717585,56.0711],[48.691852,56.059126],[48.714258,56.048323],[48.711319,56.040409],[48.677612,56.032797],[48.712245,56.013791],[48.726219,56.013638],[48.703817,55.994769],[48.695051,55.954844],[48.668108,55.946123],[48.666195,55.938391],[48.626829,55.94475],[48.577594,55.945224],[48.521926,55.931532],[48.474072,55.93618],[48.415802,55.91449],[48.383295,55.867481],[48.40565,55.856962],[48.401626,55.845173],[48.425891,55.834241],[48.452569,55.834095],[48.459321,55.825284],[48.406167,55.825699]],[[48.050632,54.989088],[48.05238,55.00272],[48.113203,55.024608],[48.119588,55.013018],[48.099905,54.998922],[48.102709,54.991061],[48.050632,54.989088]],[[47.819619,54.903472],[47.822454,54.913742],[47.842827,54.909117],[47.819619,54.903472]],[[47.8373,54.768253],[47.850659,54.773181],[47.85386,54.741635],[47.8373,54.768253]]],[[[47.698839,55.388287],[47.706103,55.381188],[47.738953,55.375665],[47.703566,55.396145],[47.698839,55.388287]]],[[[52.198188,56.063163],[52.22231,56.056262],[52.222115,56.073613],[52.198188,56.063163]]],[[[49.524869,56.485832],[49.546705,56.483279],[49.551464,56.495247],[49.534847,56.5034],[49.524869,56.485832]]]]},"id":3},{"type":"Feature","properties":{"name":"Киров","cartodb_id":43,"created_at":"2013-12-04T04:23:51+0100","updated_at":"2013-12-04T08:11:08+0100","name_latin":"Kirov Oblast"},"geometry":{"type":"Polygon","coordinates":[[[47.072164,60.844481],[47.063475,60.810076],[47.03308,60.725683],[46.982951,60.721814],[47.015613,60.708681],[46.976484,60.69233],[47.006089,60.669941],[46.996993,60.659389],[46.964361,60.657176],[46.962752,60.639727],[46.993382,60.639225],[47.013141,60.624541],[46.99722,60.604888],[46.997222,60.574372],[47.01787,60.567158],[47.001618,60.557705],[47.038685,60.555632],[47.038023,60.544604],[46.97929,60.551955],[46.952612,60.535232],[46.873836,60.513505],[46.890007,60.484233],[46.888754,60.454133],[46.863183,60.453227],[46.83582,60.434644],[46.871727,60.414204],[46.79121,60.395297],[46.779351,60.396043],[46.758457,60.36478],[46.843537,60.358231],[46.794365,60.324729],[46.816341,60.297448],[46.763025,60.233679],[46.749426,60.234011],[46.635985,60.2627],[46.551983,60.260709],[46.521551,60.255153],[46.510605,60.243046],[46.47586,60.246362],[46.415822,60.268916],[46.390614,60.263111],[46.384976,60.246195],[46.35048,60.240307],[46.304208,60.244411],[46.283104,60.253822],[46.264862,60.229691],[46.294466,60.228282],[46.290486,60.21717],[46.329626,60.214766],[46.3453,60.192709],[46.329711,60.18906],[46.326561,60.166173],[46.358653,60.161281],[46.353181,60.147018],[46.378059,60.12861],[46.352685,60.110449],[46.393733,60.109206],[46.399289,60.101328],[46.443238,60.111694],[46.497885,60.106305],[46.506592,60.095028],[46.547889,60.088726],[46.551455,60.081512],[46.588522,60.080352],[46.598308,60.064513],[46.624512,60.061943],[46.651502,60.084665],[46.666843,60.077658],[46.664522,60.061902],[46.679697,60.07177],[46.76088,60.061987],[46.751676,60.048014],[46.770376,60.040178],[46.78555,60.059126],[46.835014,60.054234],[46.823569,60.068912],[46.89082,60.075795],[46.883355,60.101087],[46.920587,60.123228],[47.034772,60.126381],[47.006916,60.029526],[46.988095,59.983172],[46.922349,59.765497],[47.152877,59.752233],[47.138288,59.663505],[47.117822,59.598969],[47.118039,59.5941],[47.048947,59.369321],[47.247709,59.352628],[47.221029,59.258869],[47.253922,59.246384],[47.202301,59.212321],[47.209394,59.201214],[47.304273,59.158959],[47.318631,59.164915],[47.318348,59.145124],[47.350092,59.14516],[47.368364,59.133551],[47.450868,59.138149],[47.45415,59.149967],[47.478533,59.15915],[47.466109,59.136687],[47.471483,59.12731],[47.434148,59.117004],[47.444002,59.093717],[47.485652,59.075514],[47.510632,59.072741],[47.5187,59.060829],[47.552276,59.056821],[47.526777,59.031659],[47.591606,58.973854],[47.586938,58.949113],[47.639515,58.916855],[47.598467,58.905909],[47.573837,58.915113],[47.492903,58.895293],[47.474617,58.905741],[47.439788,58.900267],[47.414371,58.916976],[47.389079,58.909347],[47.347864,58.926719],[47.319171,58.928253],[47.286914,58.919338],[47.275554,58.895621],[47.261125,58.888821],[47.249268,58.869416],[47.273565,58.863819],[47.27763,58.851132],[47.260091,58.844331],[47.266768,58.818998],[47.307982,58.820657],[47.324111,58.814562],[47.306781,58.788067],[47.293182,58.781391],[47.243012,58.783008],[47.229661,58.772144],[47.164606,58.769241],[47.145574,58.780726],[47.108838,58.779399],[47.113068,58.765135],[47.077078,58.756594],[47.062652,58.71455],[47.007589,58.718198],[47.000707,58.690501],[47.017877,58.618604],[46.88785,58.607242],[46.878479,58.610641],[46.827398,58.588085],[46.768106,58.584601],[46.661132,58.570336],[46.671663,58.587253],[46.658063,58.588497],[46.644132,58.572824],[46.608807,58.554331],[46.616189,58.534844],[46.560507,58.480485],[46.592434,58.456354],[46.582152,58.456686],[46.579335,58.399094],[46.528958,58.402245],[46.509761,58.392874],[46.488283,58.397725],[46.426669,58.393577],[46.394919,58.375077],[46.394087,58.347008],[46.422498,58.346789],[46.439635,58.356283],[46.431678,58.332613],[46.407641,58.323979],[46.396088,58.329071],[46.39193,58.28613],[46.412496,58.259611],[46.416211,58.214995],[46.407192,58.201148],[46.365563,58.192026],[46.335236,58.165583],[46.339362,58.136797],[46.322943,58.116978],[46.329497,58.077339],[46.346911,58.07734],[46.34493,58.062218],[46.346664,58.055199],[46.402887,58.031152],[46.416737,58.014236],[46.436307,58.004617],[46.4849,58.016102],[46.492278,58.040772],[46.56123,58.03671],[46.585195,58.027796],[46.847192,58.025271],[47.120798,58.020341],[47.296928,58.0157],[47.417182,58.006856],[47.410783,57.980791],[47.438997,57.976656],[47.456502,57.980847],[47.484683,57.971676],[47.560058,57.961571],[47.563651,57.967771],[47.598669,57.953477],[47.633861,57.952999],[47.73261,57.933815],[47.738426,57.909956],[47.771781,57.888717],[47.770129,57.879952],[47.726188,57.879463],[47.657445,57.864702],[47.617145,57.859228],[47.628423,57.845463],[47.603838,57.817642],[47.579293,57.809888],[47.563994,57.790857],[47.599652,57.784929],[47.593931,57.762664],[47.605583,57.741104],[47.563998,57.714817],[47.535192,57.689273],[47.556497,57.652749],[47.516736,57.627954],[47.52221,57.609711],[47.536597,57.605565],[47.529177,57.573888],[47.4941,57.578697],[47.481365,57.515179],[47.375067,57.520732],[47.377968,57.546853],[47.368887,57.556016],[47.350354,57.550709],[47.338247,57.560286],[47.314851,57.547986],[47.293717,57.561322],[47.236707,57.554687],[47.203332,57.531095],[47.178579,57.530431],[47.13405,57.509617],[47.086286,57.505387],[47.021939,57.487807],[46.982674,57.496015],[46.941295,57.495144],[46.902445,57.515709],[46.862269,57.505301],[46.840045,57.506171],[46.800987,57.522134],[46.752933,57.521511],[46.771012,57.498832],[46.773542,57.470265],[46.80439,57.471634],[46.822551,57.459361],[46.821639,57.446632],[46.776903,57.435603],[46.769159,57.422097],[46.741702,57.430295],[46.730881,57.416737],[46.710647,57.422127],[46.687803,57.406496],[46.684735,57.395011],[46.709008,57.381615],[46.725948,57.404257],[46.771638,57.409316],[46.761026,57.366569],[46.720891,57.361179],[46.70298,57.347496],[46.68254,57.343308],[46.715255,57.313207],[46.717703,57.285511],[46.748592,57.279292],[46.755225,57.292104],[46.79818,57.290529],[46.809749,57.260097],[46.796316,57.249524],[46.807097,57.223859],[46.825837,57.230327],[46.856562,57.221494],[46.847541,57.211459],[46.838155,57.177129],[46.779901,57.182228],[46.776211,57.167923],[46.749178,57.161911],[46.773933,57.128327],[46.786578,57.134795],[46.802778,57.123439],[46.769746,57.117257],[46.767052,57.096526],[46.781813,57.086243],[46.813075,57.090514],[46.813988,57.077163],[46.797405,57.042915],[46.788681,57.03652],[46.75445,57.03284],[46.748523,57.000955],[46.790524,56.996727],[46.764653,56.967786],[46.721544,56.963392],[46.728373,56.948014],[46.703663,56.940716],[46.790564,56.936157],[46.819338,56.921149],[46.867349,56.934334],[46.89438,56.95183],[46.90939,56.919491],[46.935675,56.939393],[46.99173,56.941798],[46.992891,56.925878],[47.034352,56.918913],[47.060887,56.923225],[47.06412,56.930937],[47.095051,56.926632],[47.15633,56.893209],[47.162052,56.879444],[47.127059,56.882678],[47.129466,56.838315],[47.107907,56.823804],[47.128306,56.821234],[47.134692,56.806101],[47.155713,56.796026],[47.17835,56.801209],[47.198167,56.823764],[47.261413,56.80731],[47.265361,56.815391],[47.302553,56.82891],[47.33632,56.848988],[47.359704,56.847732],[47.389572,56.859538],[47.383633,56.866688],[47.434973,56.88289],[47.44572,56.873265],[47.510934,56.850756],[47.486695,56.873412],[47.513099,56.883134],[47.513353,56.894257],[47.546196,56.900591],[47.547064,56.924886],[47.602351,56.924553],[47.601406,56.937661],[47.616912,56.944253],[47.616455,56.957935],[47.662765,56.98331],[47.686149,56.975764],[47.706132,56.993012],[47.685069,57.001636],[47.782673,56.998604],[47.768903,57.001637],[47.744068,57.025949],[47.764379,57.03932],[47.8008,57.029503],[47.832835,57.000228],[47.83466,56.989946],[47.864771,56.990444],[47.89473,56.984772],[47.908305,56.964629],[47.91768,56.989462],[47.949257,56.986713],[47.945323,56.96459],[47.954068,56.957774],[47.986323,56.968637],[47.988478,57.001972],[48.049757,56.993514],[48.052327,57.005289],[48.085081,57.002056],[48.091715,56.987379],[48.142131,56.995837],[48.140472,57.007198],[48.159211,57.018143],[48.206062,57.0135],[48.207719,57.042523],[48.1612,57.052887],[48.164516,57.061926],[48.13753,57.069662],[48.202493,57.070882],[48.247104,57.096256],[48.224134,57.116737],[48.229698,57.129736],[48.276759,57.123576],[48.269972,57.133671],[48.279404,57.148135],[48.310245,57.151119],[48.328936,57.16609],[48.363622,57.166524],[48.377817,57.152907],[48.361658,57.133496],[48.378458,57.126566],[48.402382,57.130933],[48.41984,57.125526],[48.416842,57.110189],[48.553369,57.159985],[48.555442,57.171718],[48.581064,57.172133],[48.595908,57.157332],[48.63231,57.150491],[48.66295,57.151736],[48.673521,57.169025],[48.707934,57.167491],[48.769917,57.17197],[48.824609,57.165219],[48.814488,57.139714],[48.829539,57.140419],[48.864906,57.113968],[48.835677,57.099913],[48.840072,57.092782],[48.909666,57.08188],[48.947945,57.082648],[48.969276,57.096652],[48.983029,57.115086],[49.002717,57.124579],[48.98329,57.145409],[48.996867,57.156171],[48.989271,57.186122],[49.044261,57.190278],[49.037314,57.209689],[49.007425,57.219817],[49.007399,57.289029],[49.044898,57.300841],[49.084256,57.29501],[49.081704,57.304333],[49.127286,57.328052],[49.151218,57.33006],[49.169038,57.342734],[49.180447,57.318367],[49.216754,57.306004],[49.214115,57.288103],[49.195836,57.284214],[49.191201,57.257624],[49.178235,57.248667],[49.187127,57.221809],[49.179681,57.192907],[49.138697,57.17991],[49.164865,57.141863],[49.173664,57.155206],[49.207197,57.160407],[49.186561,57.138995],[49.171873,57.133336],[49.199488,57.128956],[49.221752,57.118077],[49.20749,57.109827],[49.230958,57.068989],[49.253637,57.04884],[49.247377,57.041502],[49.277082,57.033935],[49.328473,57.039513],[49.345389,57.021188],[49.358905,57.025417],[49.389503,57.019696],[49.391742,57.005848],[49.416784,57.009083],[49.431542,57.031969],[49.401111,57.034373],[49.402935,57.044821],[49.433117,57.040095],[49.468026,57.057757],[49.486103,57.050958],[49.518441,57.049549],[49.572903,57.063278],[49.584932,57.057204],[49.602114,57.077971],[49.649981,57.066049],[49.645419,57.053094],[49.665493,57.048346],[49.682859,57.06294],[49.695383,57.057719],[49.673584,57.047195],[49.68956,57.024149],[49.70275,57.019868],[49.717178,56.986044],[49.739595,56.984357],[49.747583,56.962115],[49.760903,56.952163],[49.741081,56.940975],[49.705227,56.932225],[49.711172,56.917964],[49.746406,56.91428],[49.754704,56.902717],[49.730864,56.891185],[49.767832,56.873558],[49.826288,56.879953],[49.82666,56.889054],[49.900419,56.880523],[49.935393,56.869882],[49.94867,56.857923],[49.990401,56.86009],[50.019966,56.869405],[50.019037,56.854488],[50.041011,56.852249],[50.057295,56.834382],[50.047314,56.826917],[50.042915,56.795976],[50.104437,56.792259],[50.096051,56.730823],[50.074723,56.721071],[50.060962,56.659213],[50.026035,56.657554],[50.053872,56.648226],[50.084263,56.626502],[50.081423,56.611177],[50.149412,56.604106],[50.158947,56.631894],[50.174968,56.634704],[50.172819,56.650296],[50.223631,56.652051],[50.241929,56.628118],[50.257675,56.63273],[50.299205,56.632284],[50.314647,56.641663],[50.318158,56.658599],[50.30213,56.666005],[50.30761,56.675063],[50.345692,56.674661],[50.370963,56.656227],[50.384279,56.635619],[50.430506,56.608573],[50.416298,56.602811],[50.410307,56.575783],[50.448577,56.588409],[50.452537,56.611329],[50.491241,56.60972],[50.473809,56.583356],[50.453373,56.572091],[50.438251,56.550561],[50.464257,56.544342],[50.534738,56.506487],[50.501001,56.496648],[50.489004,56.480112],[50.499089,56.476043],[50.547752,56.408043],[50.571828,56.393444],[50.594796,56.392785],[50.625159,56.409722],[50.639824,56.404603],[50.617509,56.377046],[50.577631,56.358683],[50.579791,56.349373],[50.615689,56.354768],[50.63102,56.338337],[50.747378,56.318536],[50.742046,56.312816],[50.801149,56.340792],[50.827078,56.347222],[50.741588,56.409196],[50.756164,56.410003],[50.82413,56.397554],[50.883545,56.371771],[50.85389,56.355091],[50.888398,56.307768],[50.913143,56.30763],[50.917326,56.278355],[50.895228,56.275833],[50.871451,56.254609],[50.832155,56.240606],[50.846866,56.227419],[50.868764,56.223568],[50.875488,56.196212],[50.9341,56.192794],[51.002717,56.203645],[50.984416,56.183285],[50.984957,56.153971],[51.032482,56.133667],[51.066751,56.131697],[51.058532,56.112816],[51.091675,56.116499],[51.091951,56.134043],[51.119748,56.130601],[51.129677,56.136729],[51.145957,56.124348],[51.207984,56.123117],[51.218075,56.084197],[51.254669,56.079697],[51.28663,56.083867],[51.308844,56.078253],[51.320319,56.060762],[51.345599,56.068375],[51.346405,56.086189],[51.40249,56.11608],[51.444008,56.127376],[51.433732,56.146024],[51.440862,56.16153],[51.427512,56.163769],[51.446672,56.195386],[51.49131,56.19885],[51.498864,56.205728],[51.485928,56.219162],[51.468763,56.215098],[51.44455,56.225712],[51.406074,56.213522],[51.392599,56.216507],[51.378545,56.199425],[51.357483,56.198388],[51.391023,56.232478],[51.403791,56.286327],[51.377919,56.287902],[51.381235,56.303906],[51.344584,56.309378],[51.3458,56.320586],[51.286024,56.323433],[51.303618,56.351336],[51.278161,56.349677],[51.296321,56.367671],[51.265141,56.379529],[51.270282,56.392382],[51.299262,56.421902],[51.289808,56.427292],[51.19735,56.433924],[51.156551,56.475758],[51.137893,56.477996],[51.146122,56.510477],[51.127693,56.511828],[51.137559,56.529242],[51.159119,56.534383],[51.164757,56.545826],[51.147675,56.559343],[51.180423,56.684637],[51.27396,56.673527],[51.393202,56.666895],[51.40514,56.719467],[51.391374,56.748987],[51.391373,56.766567],[51.438058,56.773035],[51.483415,56.799073],[51.481506,56.822042],[51.493861,56.841612],[51.532916,56.855875],[51.513512,56.863586],[51.513325,56.879499],[51.536232,56.885229],[51.495807,56.887882],[51.476817,56.914997],[51.461892,56.898744],[51.427397,56.895925],[51.392154,56.908362],[51.420099,56.913836],[51.430318,56.93549],[51.422802,56.942899],[51.382734,56.937734],[51.343605,56.942575],[51.348599,56.965055],[51.306492,56.996175],[51.31213,57.019393],[51.27896,57.021549],[51.283106,57.04087],[51.216643,57.044933],[51.245831,57.069146],[51.219129,57.086311],[51.225015,57.111685],[51.243175,57.121802],[51.231483,57.128436],[51.240272,57.139464],[51.19425,57.140956],[51.208393,57.200064],[51.170697,57.202567],[51.179236,57.241956],[51.124165,57.243277],[51.134083,57.276492],[51.154146,57.375419],[51.165254,57.440762],[51.190214,57.444079],[51.216748,57.459005],[51.230846,57.449552],[51.400422,57.468212],[51.530113,57.458263],[51.590067,57.460752],[51.608343,57.476234],[51.62481,57.478995],[51.626881,57.531568],[51.651094,57.532066],[51.674811,57.515896],[51.705575,57.517389],[51.75566,57.538203],[51.767267,57.575104],[51.832307,57.571415],[51.846748,57.596499],[51.82445,57.598026],[51.824069,57.586714],[51.799648,57.588206],[51.815527,57.608315],[51.8511,57.619178],[51.847699,57.635348],[51.868429,57.65583],[51.860468,57.668932],[51.86992,57.690243],[51.883104,57.69754],[51.866105,57.712964],[51.884223,57.72051],[51.864777,57.729299],[51.901262,57.742319],[51.926222,57.741821],[51.919919,57.753762],[51.954249,57.766864],[51.923483,57.798955],[51.932853,57.803018],[51.927628,57.828973],[51.872235,57.828392],[51.866679,57.842571],[51.840144,57.835937],[51.820076,57.843814],[51.847274,57.857165],[51.834053,57.870933],[51.851087,57.886603],[51.824634,57.913884],[51.857554,57.922591],[51.88243,57.935859],[51.891882,57.948546],[51.897187,57.993573],[51.924883,58.000705],[51.897684,58.012314],[51.872226,58.01306],[51.864597,58.024669],[51.824628,58.017371],[51.806302,58.040008],[51.841791,58.061735],[51.830761,58.10021],[51.802152,58.119448],[51.790292,58.146398],[51.767157,58.151704],[51.747671,58.133378],[51.709028,58.137358],[51.685395,58.148137],[51.693395,58.180975],[51.719557,58.194616],[51.744018,58.222437],[51.72312,58.249386],[51.75733,58.261811],[51.77836,58.277338],[51.820346,58.285681],[51.820168,58.30829],[51.809821,58.321335],[51.825249,58.328881],[51.794519,58.339565],[51.803654,58.355204],[51.786873,58.36115],[51.817521,58.373978],[51.852763,58.373647],[51.875401,58.387247],[51.913875,58.425225],[51.964705,58.453088],[52.046715,58.472991],[52.08884,58.465777],[52.173006,58.489411],[52.218863,58.47432],[52.270856,58.471916],[52.296977,58.462546],[52.319755,58.431612],[52.327908,58.436177],[52.627675,58.411304],[52.662835,58.3987],[52.650824,58.408919],[52.843074,58.392879],[52.850254,58.396989],[52.892691,58.533618],[52.910892,58.536977],[53.03419,58.528306],[53.090581,58.522298],[53.098981,58.545842],[53.160052,58.542172],[53.146429,58.507052],[53.179509,58.500687],[53.160667,58.450482],[53.24802,58.443735],[53.213692,58.401361],[53.373651,58.384282],[53.383518,58.395144],[53.415194,58.399954],[53.434929,58.412891],[53.423485,58.429475],[53.488413,58.440007],[53.504666,58.454353],[53.529045,58.454187],[53.534021,58.441583],[53.596213,58.443574],[53.592068,58.418863],[53.620923,58.474256],[53.635767,58.456179],[53.636346,58.472183],[53.785599,58.455538],[53.783764,58.483933],[53.756904,58.517944],[53.737746,58.566704],[53.702641,58.602127],[53.749021,58.634454],[53.76717,58.656445],[53.736911,58.678736],[53.739067,58.691258],[53.77008,58.704195],[53.780279,58.722024],[53.831196,58.728741],[53.843634,58.739605],[53.905413,58.754864],[53.931242,58.773891],[53.914947,58.785376],[53.926141,58.794746],[53.826422,58.828951],[53.796361,58.861913],[53.799013,58.89102],[53.773512,58.918177],[53.753649,58.964697],[53.770654,59.00398],[53.790244,59.017119],[53.841905,59.024331],[53.87563,59.044473],[53.87582,59.067936],[53.902916,59.086836],[53.870817,59.120355],[53.819608,59.111349],[53.77943,59.138797],[53.725112,59.181336],[53.682241,59.151151],[53.72213,59.117775],[53.491391,59.14837],[53.415141,59.147002],[53.384022,59.152672],[53.326657,59.206955],[53.307085,59.235149],[53.231039,59.322301],[53.222744,59.358456],[53.290739,59.41866],[53.357126,59.461552],[53.384659,59.540487],[53.441566,59.679458],[53.449701,59.702848],[53.597778,59.687428],[53.6303,59.742317],[53.685846,60.001456],[53.641061,60.090185],[53.625636,60.114233],[53.577372,60.144582],[53.563772,60.158347],[53.487396,60.18737],[53.475288,60.204535],[53.436561,60.223524],[53.421552,60.224519],[53.37263,60.155608],[53.075593,60.150712],[52.920523,60.153778],[52.459294,60.184619],[52.44445,60.184868],[52.317282,60.227188],[52.065457,60.308487],[51.973869,60.279334],[51.859139,60.187993],[51.766358,60.085865],[51.665251,60.027746],[51.609167,59.989607],[51.551321,59.941533],[51.498657,59.928639],[51.467194,59.915573],[51.434824,59.925507],[51.418478,59.937686],[51.390272,59.994091],[51.309187,60.012358],[51.179065,60.048892],[51.123986,60.035088],[51.112404,60.040558],[51.047665,60.031904],[50.911463,59.922936],[50.873173,59.911696],[50.872707,59.886182],[50.831023,59.863324],[50.781668,59.860439],[50.735837,59.870694],[50.474639,59.836078],[50.402529,59.838961],[50.288832,59.805536],[50.268901,59.7488],[50.099246,59.767881],[49.988744,59.778361],[49.972115,59.7505],[49.982241,59.723801],[50.024357,59.709158],[50.084931,59.680315],[50.066664,59.670379],[50.017308,59.674224],[49.997118,59.67134],[49.974509,59.65755],[49.859414,59.655265],[49.798092,59.484999],[49.870036,59.477682],[49.829041,59.363707],[49.866896,59.360181],[49.815425,59.210155],[49.766229,59.221211],[49.725497,59.198212],[49.519772,59.216079],[49.530668,59.233706],[49.503105,59.245564],[49.524257,59.257743],[49.568798,59.392349],[49.499892,59.395232],[49.344454,59.409331],[49.359354,59.458527],[49.347335,59.465417],[49.216094,59.47503],[49.22026,59.489612],[49.196698,59.488283],[49.151193,59.507078],[49.117862,59.499706],[49.096541,59.481431],[49.039664,59.482398],[49.101547,59.661699],[48.876736,59.680895],[48.84728,59.679033],[48.807418,59.702446],[48.801186,59.686542],[48.690021,59.693557],[48.523224,59.706844],[48.51212,59.778201],[48.506024,59.899666],[48.509332,59.899346],[48.499928,60.021452],[48.483582,60.02722],[48.481976,60.091638],[48.472056,60.13227],[48.492226,60.195156],[48.675702,60.272397],[48.677848,60.278498],[48.769603,60.316144],[48.785465,60.354924],[48.738352,60.371108],[48.680117,60.400813],[48.676327,60.390446],[48.530512,60.400429],[48.562553,60.420854],[48.605496,60.415556],[48.632908,60.423506],[48.566645,60.440491],[48.555107,60.458759],[48.496136,60.472218],[48.520811,60.503947],[48.496802,60.517251],[48.560666,60.551513],[48.502165,60.673113],[48.501792,60.680726],[48.419677,60.837206],[48.388444,60.839043],[48.02043,60.87544],[47.96653,60.879171],[47.961305,60.895506],[47.965449,60.932324],[47.959312,60.944431],[47.955992,60.988545],[47.94111,61.002131],[47.913783,61.000154],[47.897198,61.016821],[47.836208,61.007971],[47.794373,61.025194],[47.742733,61.025553],[47.699332,61.034983],[47.655019,61.033604],[47.645452,61.0507],[47.603077,61.060586],[47.486065,61.046667],[47.482583,61.035472],[47.463344,61.042686],[47.19318,61.067393],[47.182237,61.028336],[47.19381,61.022445],[47.193951,60.996978],[47.146822,60.982131],[47.122825,60.960441],[47.102304,60.961749],[47.108785,60.939032],[47.072164,60.844481]]]},"id":4},{"type":"Feature","properties":{"name":"Ульяновск","cartodb_id":73,"created_at":"2013-12-04T04:23:51+0100","updated_at":"2013-12-04T08:13:25+0100","name_latin":"Ulyanovsk Oblast"},"geometry":{"type":"Polygon","coordinates":[[[46.441731,54.761445],[46.408442,54.740002],[46.409037,54.731975],[46.454323,54.719589],[46.433729,54.707395],[46.440595,54.698917],[46.421202,54.688222],[46.525617,54.654832],[46.535834,54.631893],[46.500659,54.626381],[46.463864,54.605165],[46.409115,54.583342],[46.403024,54.574192],[46.41915,54.561215],[46.455693,54.579617],[46.477726,54.57688],[46.521321,54.587969],[46.536418,54.5731],[46.496099,54.560662],[46.509573,54.552451],[46.539864,54.559021],[46.528966,54.518056],[46.485206,54.504254],[46.485121,54.490401],[46.459293,54.48158],[46.492495,54.474255],[46.51378,54.485615],[46.557627,54.488458],[46.571612,54.502561],[46.584736,54.486064],[46.534713,54.477093],[46.544414,54.46807],[46.526566,54.463931],[46.506919,54.470363],[46.492495,54.462183],[46.506572,54.457296],[46.490875,54.443429],[46.500991,54.428505],[46.528276,54.41288],[46.534027,54.398745],[46.562776,54.404692],[46.575211,54.398001],[46.609701,54.406492],[46.654581,54.39825],[46.708287,54.39845],[46.729482,54.401948],[46.71121,54.378615],[46.723995,54.373468],[46.705291,54.35897],[46.697828,54.337313],[46.705543,54.326711],[46.684518,54.304336],[46.655862,54.300884],[46.663933,54.295173],[46.622231,54.290621],[46.616823,54.297128],[46.577444,54.28541],[46.540123,54.283504],[46.541404,54.273034],[46.511379,54.264668],[46.47371,54.268577],[46.460664,54.261509],[46.44085,54.270431],[46.420681,54.24848],[46.385849,54.233583],[46.404468,54.217685],[46.397946,54.210359],[46.369033,54.210062],[46.361742,54.200121],[46.3239,54.190137],[46.304076,54.197965],[46.281083,54.192846],[46.283062,54.183403],[46.264694,54.183154],[46.254055,54.172458],[46.228312,54.186469],[46.192366,54.179893],[46.186101,54.167235],[46.155379,54.154425],[46.1269,54.165576],[46.12235,54.176982],[46.103995,54.163974],[46.086833,54.165879],[46.083575,54.176427],[46.062373,54.170452],[46.038522,54.139646],[46.016733,54.129446],[46.003261,54.135731],[46.005831,54.148848],[45.988159,54.152414],[45.969883,54.138093],[45.967396,54.154323],[45.955466,54.147289],[45.96928,54.127835],[45.957786,54.095239],[45.944915,54.093633],[45.929382,54.076922],[45.889915,54.061819],[45.905014,54.047918],[45.89412,54.019242],[45.870607,54.000688],[45.845556,53.993172],[45.815348,53.992367],[45.79665,53.985759],[45.813633,53.975716],[45.830398,53.966588],[45.850307,53.979291],[45.857451,53.994651],[45.87269,53.981194],[45.905733,53.984423],[45.892731,54.007081],[45.928127,54.005476],[45.924477,53.985742],[45.947012,54.027264],[45.97641,54.019802],[45.973759,54.003427],[45.95926,53.995986],[45.983434,53.995544],[45.976949,53.98513],[46.003857,53.980768],[46.030821,53.984404],[46.030515,53.97682],[46.078067,53.966138],[46.107735,53.947141],[46.100432,53.932647],[46.124426,53.921518],[46.124903,53.934978],[46.148233,53.935542],[46.150167,53.926036],[46.185294,53.911999],[46.177834,53.901473],[46.186894,53.890782],[46.217747,53.885096],[46.192932,53.881457],[46.174146,53.857007],[46.173285,53.818819],[46.16317,53.807983],[46.17272,53.796735],[46.201384,53.800393],[46.216315,53.793677],[46.250099,53.794973],[46.279374,53.790302],[46.287422,53.779221],[46.256721,53.771453],[46.246873,53.754909],[46.276153,53.740858],[46.303347,53.758559],[46.331165,53.741447],[46.328083,53.725346],[46.376481,53.670359],[46.438391,53.648993],[46.479751,53.617991],[46.471303,53.609069],[46.444955,53.603505],[46.449633,53.581845],[46.450697,53.539561],[46.467044,53.52291],[46.455797,53.512958],[46.505246,53.481495],[46.521321,53.46439],[46.532285,53.48297],[46.555964,53.486761],[46.552762,53.477997],[46.568175,53.462485],[46.589637,53.467599],[46.607771,53.455752],[46.620054,53.467599],[46.649753,53.468775],[46.669933,53.482395],[46.681045,53.475366],[46.659541,53.441857],[46.678696,53.428115],[46.703585,53.434995],[46.720084,53.41511],[46.746153,53.41597],[46.758187,53.390948],[46.768237,53.395788],[46.791834,53.372678],[46.817088,53.366982],[46.908509,53.36347],[46.898875,53.278757],[46.954466,53.284601],[46.937642,53.275552],[46.942159,53.250974],[46.903859,53.255807],[46.871097,53.238552],[46.874847,53.215738],[46.862212,53.209943],[46.863107,53.177165],[46.876104,53.165773],[46.930099,53.171332],[46.947901,53.128992],[46.969899,53.129485],[46.97298,53.120431],[46.946652,53.112531],[46.956722,53.097728],[46.911449,53.090428],[46.910137,53.082676],[46.938684,53.08047],[46.933116,53.071272],[46.923738,52.996389],[46.916406,52.996374],[46.911345,52.967432],[46.926232,52.966235],[46.917765,52.919133],[46.927109,52.918984],[46.892765,52.893382],[46.896265,52.875997],[46.909558,52.875679],[46.925652,52.854482],[46.934715,52.828303],[46.97028,52.80898],[46.966177,52.78689],[46.969109,52.759405],[46.945772,52.752972],[46.926254,52.739942],[46.937198,52.738486],[46.940143,52.721964],[46.857917,52.710086],[46.845057,52.691247],[46.817569,52.697949],[46.814921,52.680551],[46.799415,52.67002],[46.805864,52.662709],[46.798117,52.644268],[46.801859,52.621141],[46.802044,52.613041],[46.831303,52.598039],[46.83619,52.61765],[46.865045,52.614356],[46.932318,52.620723],[46.954585,52.633864],[46.980435,52.638251],[46.990669,52.623156],[46.993996,52.601513],[46.986556,52.585408],[47.006543,52.574224],[47.036927,52.583528],[47.050478,52.573086],[47.04217,52.53953],[47.062545,52.537086],[47.067637,52.560035],[47.063957,52.577196],[47.148724,52.5824],[47.163278,52.595878],[47.166024,52.586922],[47.156274,52.558028],[47.20611,52.547227],[47.230865,52.570448],[47.245741,52.556083],[47.380715,52.57369],[47.424835,52.561866],[47.442631,52.563272],[47.511653,52.590091],[47.490948,52.603563],[47.495989,52.621203],[47.540305,52.610497],[47.645691,52.604255],[47.648563,52.59098],[47.679419,52.597673],[47.722415,52.570621],[47.738159,52.581028],[47.7591,52.580584],[47.756634,52.589217],[47.772851,52.601747],[47.752544,52.619705],[47.769558,52.648758],[47.763173,52.677789],[47.786076,52.675448],[47.828939,52.703276],[47.802695,52.700814],[47.812411,52.736339],[47.833887,52.736098],[47.897102,52.724596],[47.8957,52.707995],[47.907311,52.706928],[47.906548,52.678278],[47.933741,52.646579],[47.951717,52.655768],[47.974351,52.656869],[47.977949,52.665549],[47.999054,52.659682],[48.042756,52.678249],[48.063442,52.676318],[48.064964,52.704312],[48.092152,52.732734],[47.991287,52.731816],[47.99333,52.744964],[48.017933,52.765502],[48.041486,52.769734],[48.070866,52.765292],[48.067795,52.774197],[48.088773,52.793553],[48.115787,52.794915],[48.19549,52.769032],[48.230527,52.813229],[48.268826,52.810423],[48.280956,52.795645],[48.30678,52.779779],[48.34481,52.78718],[48.383436,52.814898],[48.428632,52.814407],[48.453573,52.825236],[48.498977,52.831464],[48.552252,52.850666],[48.579817,52.86443],[48.592476,52.884687],[48.588749,52.895802],[48.522826,52.949445],[48.499657,52.940533],[48.449417,52.952128],[48.439125,52.972621],[48.359846,52.957338],[48.355737,52.975756],[48.370665,52.99223],[48.344165,52.990773],[48.325615,52.996912],[48.363287,53.048013],[48.357766,53.0572],[48.320401,53.061704],[48.327158,53.068815],[48.249203,53.065634],[48.22456,53.004761],[48.195896,53.008791],[48.204507,53.030565],[48.185427,53.041872],[48.176285,53.029107],[48.136843,53.050528],[48.124697,53.051808],[48.152256,53.076101],[48.166345,53.098228],[48.209495,53.123537],[48.212984,53.137229],[48.162103,53.151052],[48.169611,53.159974],[48.147129,53.17181],[48.109719,53.178832],[48.111043,53.203787],[48.15998,53.229979],[48.142666,53.246232],[48.100044,53.255153],[48.090503,53.271715],[48.077298,53.265974],[48.05411,53.270478],[48.02381,53.289426],[48.040461,53.29636],[48.009234,53.311509],[47.944573,53.333415],[47.960517,53.347681],[47.936798,53.362035],[47.973191,53.384472],[47.980434,53.396751],[47.998454,53.40236],[47.996113,53.417819],[48.016252,53.434647],[48.026014,53.421352],[48.048759,53.442553],[48.026587,53.4456],[48.023186,53.456995],[48.035817,53.471305],[48.077555,53.47453],[48.090981,53.48354],[48.117393,53.476872],[48.123709,53.484645],[48.146102,53.483939],[48.142127,53.46636],[48.173044,53.470159],[48.174015,53.478197],[48.206213,53.490962],[48.230902,53.490874],[48.244771,53.477359],[48.285185,53.457617],[48.301702,53.477448],[48.31694,53.469322],[48.32648,53.476521],[48.347327,53.468306],[48.369543,53.474137],[48.369939,53.527844],[48.382128,53.545555],[48.395025,53.542993],[48.406508,53.563752],[48.455268,53.548692],[48.465294,53.556244],[48.455665,53.569583],[48.393876,53.56702],[48.393875,53.583097],[48.345203,53.593476],[48.339107,53.606549],[48.348159,53.652527],[48.367726,53.641132],[48.388484,53.648464],[48.392504,53.635479],[48.418519,53.623863],[48.417369,53.657209],[48.460874,53.652838],[48.474433,53.646168],[48.501419,53.649835],[48.533131,53.666707],[48.511312,53.670019],[48.516037,53.683667],[48.496603,53.694885],[48.513607,53.716571],[48.515505,53.734547],[48.488828,53.740554],[48.467042,53.759266],[48.4851,53.76967],[48.534452,53.754511],[48.534054,53.767805],[48.568594,53.732384],[48.606888,53.720327],[48.640411,53.716264],[48.648183,53.73],[48.669517,53.705311],[48.686212,53.7088],[48.686609,53.727659],[48.782186,53.73168],[48.825294,53.714279],[48.843844,53.716841],[48.851574,53.70602],[48.994808,53.706596],[48.994669,53.872317],[49.07863,53.873328],[49.212987,53.871563],[49.249735,53.836495],[49.300351,53.831284],[49.311524,53.872624],[49.418364,53.86207],[49.434,53.855754],[49.594302,53.839897],[49.585494,53.821659],[49.596448,53.819937],[49.589646,53.805273],[49.60166,53.802623],[49.636021,53.834159],[49.66283,53.835484],[49.703278,53.830193],[49.724178,53.842066],[49.737869,53.859689],[49.727755,53.866888],[49.74127,53.874131],[49.816593,53.889757],[49.837582,53.861436],[49.828413,53.840984],[49.850446,53.831996],[50.022697,53.818294],[50.035857,53.819146],[50.04009,53.861213],[50.037275,53.880285],[49.92765,53.889398],[49.931196,53.905269],[49.97804,53.978772],[50.018069,53.970232],[50.014957,53.96229],[50.060934,53.95845],[50.055435,53.977369],[50.081107,54.007111],[50.111715,54.003341],[50.113999,54.019708],[50.167685,54.027643],[50.182345,54.023657],[50.223575,54.069714],[50.202101,54.094133],[50.209123,54.108576],[50.197683,54.114804],[50.201921,54.168069],[50.217998,54.180127],[50.225549,54.206009],[50.242641,54.217581],[50.208851,54.276234],[50.241888,54.283699],[50.238884,54.295933],[50.188619,54.368322],[50.175723,54.362624],[50.150591,54.375477],[50.155801,54.421101],[50.103772,54.423706],[50.111543,54.493446],[50.093655,54.493844],[50.092459,54.5066],[50.053813,54.509024],[50.015666,54.50665],[49.98946,54.517008],[49.967143,54.500718],[49.952806,54.508811],[49.95358,54.522507],[49.941565,54.535254],[49.848147,54.537221],[49.804095,54.564632],[49.7859,54.560068],[49.76736,54.571041],[49.734363,54.576718],[49.684911,54.577329],[49.620253,54.555861],[49.560315,54.56201],[49.551415,54.576555],[49.584151,54.597493],[49.581222,54.615054],[49.533726,54.621959],[49.536091,54.649841],[49.551035,54.668061],[49.515484,54.695095],[49.479729,54.688562],[49.489771,54.709728],[49.525816,54.723598],[49.485784,54.732251],[49.490032,54.748164],[49.476072,54.778521],[49.436885,54.803223],[49.377965,54.827704],[49.407582,54.830578],[49.405554,54.839052],[49.357766,54.840107],[49.326852,54.868201],[49.288299,54.891446],[49.239584,54.880309],[49.271525,54.861326],[49.238971,54.841559],[49.180497,54.852594],[49.148209,54.841825],[49.125633,54.802022],[49.09039,54.788549],[49.045095,54.803485],[49.031862,54.814931],[49.012552,54.796073],[48.88178,54.79602],[48.881741,54.625206],[48.465153,54.625211],[48.417203,54.654331],[48.351709,54.670966],[48.361461,54.693248],[48.334246,54.703423],[48.280743,54.663243],[48.240329,54.691676],[48.244404,54.702361],[48.265509,54.711788],[48.277705,54.730936],[48.24946,54.717956],[48.211251,54.72357],[48.214507,54.736024],[48.152644,54.723838],[48.115128,54.739055],[48.098001,54.738563],[48.103415,54.766523],[48.069622,54.763731],[48.07147,54.735065],[48.08097,54.713872],[48.038917,54.703998],[48.021554,54.727712],[47.956142,54.711976],[47.945605,54.726098],[47.920709,54.719614],[47.928122,54.699064],[47.903466,54.696397],[47.90709,54.666716],[47.925297,54.667446],[47.928628,54.64042],[47.909532,54.647899],[47.816443,54.641706],[47.770618,54.682118],[47.789423,54.6901],[47.835538,54.689849],[47.822985,54.728389],[47.717752,54.735028],[47.699687,54.716239],[47.711574,54.708718],[47.703858,54.695479],[47.670676,54.673729],[47.693945,54.658187],[47.651186,54.625333],[47.612967,54.612949],[47.634017,54.590038],[47.616532,54.55753],[47.578564,54.532811],[47.539343,54.530415],[47.506725,54.551483],[47.484604,54.545734],[47.485973,54.557025],[47.4533,54.567582],[47.438299,54.563704],[47.435585,54.544217],[47.403792,54.527081],[47.424562,54.498545],[47.396855,54.496409],[47.387961,54.523418],[47.34828,54.598786],[47.344219,54.621302],[47.355589,54.627395],[47.330579,54.656757],[47.334299,54.667393],[47.290809,54.674267],[47.267867,54.673486],[47.261545,54.668053],[47.217749,54.667401],[47.241031,54.653562],[47.207492,54.657143],[47.176394,54.666098],[47.183396,54.651607],[47.169719,54.652421],[47.155554,54.676029],[47.147414,54.662841],[47.108826,54.675703],[47.078868,54.696379],[47.079356,54.705171],[47.034094,54.705496],[47.029454,54.69068],[47.010243,54.685144],[46.952689,54.680259],[46.892286,54.644277],[46.885611,54.657953],[46.875435,54.645905],[46.826185,54.632065],[46.799972,54.639554],[46.776443,54.684164],[46.766024,54.677977],[46.737531,54.685629],[46.658486,54.674231],[46.622341,54.691651],[46.603291,54.708584],[46.550376,54.719491],[46.542561,54.734633],[46.514475,54.745215],[46.492495,54.746029],[46.493309,54.757752],[46.441731,54.761445]]]},"id":5},{"type":"Feature","properties":{"name":"Йошкар-Ола","cartodb_id":12,"created_at":"2013-12-04T04:23:51+0100","updated_at":"2013-12-04T08:13:50+0100","name_latin":"Mari El Republic"},"geometry":{"type":"Polygon","coordinates":[[[46.721544,56.963392],[46.717635,56.971548],[46.677658,56.971333],[46.6814,56.951772],[46.67317,56.942033],[46.624214,56.939052],[46.606471,56.923338],[46.59311,56.929966],[46.546719,56.932744],[46.53881,56.913397],[46.505353,56.913076],[46.514011,56.933599],[46.481516,56.937874],[46.464093,56.930498],[46.447952,56.938835],[46.314766,56.945247],[46.303545,56.887419],[46.273081,56.902918],[46.239731,56.898962],[46.207344,56.882714],[46.143958,56.878652],[46.091476,56.862831],[45.978706,56.869991],[45.978172,56.858447],[45.941509,56.859195],[45.918534,56.722482],[45.894697,56.726543],[45.878556,56.737553],[45.882191,56.719382],[45.861989,56.706302],[45.865013,56.690408],[45.890717,56.696738],[45.90186,56.706662],[45.920138,56.698752],[45.89827,56.692968],[45.899815,56.678731],[45.925907,56.679297],[45.950749,56.649393],[45.886363,56.647338],[45.886151,56.626066],[45.750614,56.623178],[45.745056,56.607893],[45.717073,56.615134],[45.66978,56.614284],[45.645435,56.583093],[45.627051,56.568021],[45.625555,56.552308],[45.644155,56.53403],[45.656875,56.536062],[45.652172,56.517356],[45.62887,56.517783],[45.627695,56.507308],[45.648753,56.491061],[45.661902,56.460918],[45.687663,56.452901],[45.751156,56.455361],[45.768473,56.446275],[45.765588,56.420194],[45.757037,56.40865],[45.800968,56.425005],[45.89578,56.434306],[45.916196,56.426503],[45.963762,56.428534],[45.974452,56.412608],[45.952968,56.403843],[45.934263,56.373806],[45.945594,56.364507],[45.970041,56.318456],[45.923133,56.313684],[45.926267,56.296612],[45.92044,56.256409],[45.8665,56.258791],[45.887131,56.234528],[45.899462,56.237331],[45.897548,56.219832],[45.917684,56.219199],[45.936375,56.208115],[45.938073,56.187445],[45.963529,56.162499],[45.996376,56.171785],[46.025664,56.168044],[46.042232,56.158424],[46.076757,56.174244],[46.094822,56.170396],[46.080179,56.153401],[46.110839,56.150104],[46.06917,56.124006],[46.047044,56.121547],[46.044256,56.104603],[46.056341,56.098967],[46.054453,56.073778],[46.081232,56.067837],[46.109213,56.071766],[46.086554,56.039751],[46.155905,56.049051],[46.13582,56.029873],[46.185308,56.031569],[46.202034,56.032768],[46.200673,56.045446],[46.238717,56.06547],[46.30614,56.072167],[46.321702,56.086495],[46.38668,56.108821],[46.414245,56.129863],[46.44351,56.112973],[46.48709,56.124691],[46.516744,56.122578],[46.516558,56.113211],[46.586121,56.132553],[46.619727,56.127174],[46.655615,56.099032],[46.706778,56.123864],[46.734628,56.129107],[46.760435,56.155916],[46.754427,56.163369],[46.796975,56.190563],[46.787242,56.203416],[46.76911,56.199189],[46.753424,56.206976],[46.775227,56.210869],[46.822506,56.193294],[46.918395,56.213096],[46.934079,56.225889],[46.985472,56.243911],[46.984582,56.252477],[47.042649,56.270276],[47.091483,56.280066],[47.146882,56.277397],[47.150551,56.314996],[47.247665,56.311549],[47.251891,56.329126],[47.392278,56.324122],[47.380268,56.227231],[47.43233,56.225229],[47.425881,56.156816],[47.480167,56.150921],[47.50742,56.159486],[47.51899,56.144692],[47.562597,56.14091],[47.602978,56.143135],[47.653148,56.131233],[47.672726,56.141913],[47.742475,56.130456],[47.759383,56.135685],[47.844038,56.126453],[47.872628,56.11811],[47.878968,56.125786],[47.909226,56.115329],[47.933033,56.092303],[47.918461,56.079065],[47.931256,56.03468],[47.926942,56.01401],[47.952679,56.01956],[47.995555,55.998416],[48.005901,55.98885],[47.983319,55.976168],[48.047062,55.945689],[48.053736,55.953809],[48.096342,55.939571],[48.169206,55.935567],[48.234728,55.909427],[48.222827,55.876277],[48.25709,55.85859],[48.285568,55.854808],[48.322389,55.835341],[48.347642,55.830113],[48.406167,55.825699],[48.459321,55.825284],[48.452569,55.834095],[48.425891,55.834241],[48.401626,55.845173],[48.40565,55.856962],[48.383295,55.867481],[48.415802,55.91449],[48.474072,55.93618],[48.521926,55.931532],[48.577594,55.945224],[48.626829,55.94475],[48.666195,55.938391],[48.668108,55.946123],[48.695051,55.954844],[48.703817,55.994769],[48.726219,56.013638],[48.712245,56.013791],[48.677612,56.032797],[48.711319,56.040409],[48.714258,56.048323],[48.691852,56.059126],[48.717585,56.0711],[48.716533,56.059498],[48.738772,56.052527],[48.744356,56.039351],[48.777082,56.057728],[48.829928,56.050319],[48.835911,56.066487],[48.829949,56.080957],[48.845125,56.094245],[48.848632,56.115987],[48.894516,56.133043],[48.929196,56.13202],[48.9477,56.139046],[48.953969,56.160633],[48.980718,56.162363],[48.984553,56.200543],[49.009971,56.204535],[49.043896,56.188095],[49.069652,56.206555],[49.04553,56.215833],[49.02417,56.235341],[49.009691,56.222237],[48.937537,56.225379],[48.922421,56.256181],[48.973401,56.275231],[49.031806,56.284657],[49.03177,56.308431],[49.055362,56.321641],[49.041116,56.325022],[49.051564,56.34479],[49.079259,56.345993],[49.080153,56.334948],[49.10932,56.346635],[49.114449,56.369224],[49.133862,56.356452],[49.191993,56.365539],[49.170712,56.369392],[49.167041,56.390303],[49.21585,56.390075],[49.251641,56.361108],[49.252924,56.35005],[49.28468,56.346146],[49.312777,56.332456],[49.334157,56.329954],[49.34248,56.343216],[49.331366,56.354366],[49.339344,56.366506],[49.359371,56.363939],[49.381475,56.349293],[49.394666,56.3561],[49.409294,56.397521],[49.400395,56.410163],[49.409455,56.450295],[49.435759,56.447522],[49.441279,56.468774],[49.42199,56.462872],[49.417629,56.473483],[49.435871,56.476933],[49.451117,56.467959],[49.439946,56.440824],[49.455574,56.425532],[49.506447,56.421256],[49.549388,56.43168],[49.565345,56.459197],[49.581551,56.45921],[49.578909,56.478829],[49.567596,56.487324],[49.569368,56.502881],[49.611684,56.502179],[49.618808,56.515194],[49.664696,56.527425],[49.684931,56.51541],[49.707403,56.517412],[49.73262,56.531461],[49.756333,56.537227],[49.777231,56.531537],[49.813884,56.501165],[49.806064,56.489335],[49.750548,56.46291],[49.753835,56.454004],[49.78581,56.448073],[49.803606,56.437279],[49.86106,56.425313],[49.885751,56.447704],[49.89751,56.447866],[49.919405,56.467339],[49.903985,56.476443],[49.933392,56.496858],[49.987235,56.494623],[49.977481,56.469913],[49.967272,56.463642],[49.928538,56.458441],[49.946482,56.428925],[49.970484,56.431381],[50.037929,56.458014],[50.039934,56.485033],[50.05647,56.497223],[50.08303,56.505663],[50.089445,56.516607],[50.119262,56.517108],[50.160043,56.530607],[50.201345,56.557124],[50.192858,56.572799],[50.202985,56.583254],[50.169562,56.592931],[50.053581,56.599679],[50.061857,56.61314],[50.081423,56.611177],[50.084263,56.626502],[50.053872,56.648226],[50.026035,56.657554],[50.060962,56.659213],[50.074723,56.721071],[50.096051,56.730823],[50.104437,56.792259],[50.042915,56.795976],[50.047314,56.826917],[50.057295,56.834382],[50.041011,56.852249],[50.019037,56.854488],[50.019966,56.869405],[49.990401,56.86009],[49.94867,56.857923],[49.935393,56.869882],[49.900419,56.880523],[49.82666,56.889054],[49.826288,56.879953],[49.767832,56.873558],[49.730864,56.891185],[49.754704,56.902717],[49.746406,56.91428],[49.711172,56.917964],[49.705227,56.932225],[49.741081,56.940975],[49.760903,56.952163],[49.747583,56.962115],[49.739595,56.984357],[49.717178,56.986044],[49.70275,57.019868],[49.68956,57.024149],[49.673584,57.047195],[49.695383,57.057719],[49.682859,57.06294],[49.665493,57.048346],[49.645419,57.053094],[49.649981,57.066049],[49.602114,57.077971],[49.584932,57.057204],[49.572903,57.063278],[49.518441,57.049549],[49.486103,57.050958],[49.468026,57.057757],[49.433117,57.040095],[49.402935,57.044821],[49.401111,57.034373],[49.431542,57.031969],[49.416784,57.009083],[49.391742,57.005848],[49.389503,57.019696],[49.358905,57.025417],[49.345389,57.021188],[49.328473,57.039513],[49.277082,57.033935],[49.247377,57.041502],[49.253637,57.04884],[49.230958,57.068989],[49.20749,57.109827],[49.221752,57.118077],[49.199488,57.128956],[49.171873,57.133336],[49.186561,57.138995],[49.207197,57.160407],[49.173664,57.155206],[49.164865,57.141863],[49.138697,57.17991],[49.179681,57.192907],[49.187127,57.221809],[49.178235,57.248667],[49.191201,57.257624],[49.195836,57.284214],[49.214115,57.288103],[49.216754,57.306004],[49.180447,57.318367],[49.169038,57.342734],[49.151218,57.33006],[49.127286,57.328052],[49.081704,57.304333],[49.084256,57.29501],[49.044898,57.300841],[49.007399,57.289029],[49.007425,57.219817],[49.037314,57.209689],[49.044261,57.190278],[48.989271,57.186122],[48.996867,57.156171],[48.98329,57.145409],[49.002717,57.124579],[48.983029,57.115086],[48.969276,57.096652],[48.947945,57.082648],[48.909666,57.08188],[48.840072,57.092782],[48.835677,57.099913],[48.864906,57.113968],[48.829539,57.140419],[48.814488,57.139714],[48.824609,57.165219],[48.769917,57.17197],[48.707934,57.167491],[48.673521,57.169025],[48.66295,57.151736],[48.63231,57.150491],[48.595908,57.157332],[48.581064,57.172133],[48.555442,57.171718],[48.553369,57.159985],[48.416842,57.110189],[48.41984,57.125526],[48.402382,57.130933],[48.378458,57.126566],[48.361658,57.133496],[48.377817,57.152907],[48.363622,57.166524],[48.328936,57.16609],[48.310245,57.151119],[48.279404,57.148135],[48.269972,57.133671],[48.276759,57.123576],[48.229698,57.129736],[48.224134,57.116737],[48.247104,57.096256],[48.202493,57.070882],[48.13753,57.069662],[48.164516,57.061926],[48.1612,57.052887],[48.207719,57.042523],[48.206062,57.0135],[48.159211,57.018143],[48.140472,57.007198],[48.142131,56.995837],[48.091715,56.987379],[48.085081,57.002056],[48.052327,57.005289],[48.049757,56.993514],[47.988478,57.001972],[47.986323,56.968637],[47.954068,56.957774],[47.945323,56.96459],[47.949257,56.986713],[47.91768,56.989462],[47.908305,56.964629],[47.89473,56.984772],[47.864771,56.990444],[47.83466,56.989946],[47.832835,57.000228],[47.8008,57.029503],[47.764379,57.03932],[47.744068,57.025949],[47.768903,57.001637],[47.782673,56.998604],[47.685069,57.001636],[47.706132,56.993012],[47.686149,56.975764],[47.662765,56.98331],[47.616455,56.957935],[47.616912,56.944253],[47.601406,56.937661],[47.602351,56.924553],[47.547064,56.924886],[47.546196,56.900591],[47.513353,56.894257],[47.513099,56.883134],[47.486695,56.873412],[47.510934,56.850756],[47.44572,56.873265],[47.434973,56.88289],[47.383633,56.866688],[47.389572,56.859538],[47.359704,56.847732],[47.33632,56.848988],[47.302553,56.82891],[47.265361,56.815391],[47.261413,56.80731],[47.198167,56.823764],[47.17835,56.801209],[47.155713,56.796026],[47.134692,56.806101],[47.128306,56.821234],[47.107907,56.823804],[47.129466,56.838315],[47.127059,56.882678],[47.162052,56.879444],[47.15633,56.893209],[47.095051,56.926632],[47.06412,56.930937],[47.060887,56.923225],[47.034352,56.918913],[46.992891,56.925878],[46.99173,56.941798],[46.935675,56.939393],[46.90939,56.919491],[46.89438,56.95183],[46.867349,56.934334],[46.819338,56.921149],[46.790564,56.936157],[46.703663,56.940716],[46.728373,56.948014],[46.721544,56.963392]],[[49.524869,56.485832],[49.534847,56.5034],[49.551464,56.495247],[49.546705,56.483279],[49.524869,56.485832]]]},"id":6},{"type":"Feature","properties":{"name":"Пермь","cartodb_id":59,"created_at":"2013-12-04T04:23:51+0100","updated_at":"2013-12-04T08:14:14+0100","name_latin":"Perm Krai"},"geometry":{"type":"Polygon","coordinates":[[[59.348463,61.66377],[59.292805,61.655731],[59.281881,61.641696],[59.236325,61.62637],[59.206699,61.639798],[59.187468,61.628191],[59.148321,61.629707],[59.123438,61.610362],[59.114905,61.59132],[59.090423,61.574337],[59.048309,61.536394],[59.023314,61.538406],[58.984156,61.532422],[58.974044,61.522075],[58.918948,61.531536],[58.844108,61.51788],[58.843882,61.495045],[58.231781,61.497631],[57.997294,61.499984],[57.922196,61.498826],[57.092687,61.50185],[57.080551,61.475297],[56.73248,61.514439],[56.653124,61.5243],[56.63947,61.488492],[56.597365,61.492892],[56.56634,61.418999],[56.37827,61.443122],[56.322895,61.332511],[56.311972,61.301255],[56.326083,61.291241],[56.274501,61.191858],[55.813087,61.246778],[55.730554,61.09171],[55.272479,61.146023],[55.19996,60.991563],[55.05005,61.009161],[54.976851,60.859908],[54.723331,60.886916],[54.370378,60.927261],[54.221919,60.944922],[53.87597,60.982831],[53.869119,60.967148],[53.826351,60.835202],[53.728412,60.842451],[53.607078,60.854012],[53.352946,60.882025],[53.381415,60.959071],[53.413843,61.032158],[53.335883,61.041293],[52.870558,61.09062],[52.806464,60.937746],[52.653132,60.952514],[52.431433,60.976416],[52.360943,60.829175],[51.893792,60.8817],[51.833505,60.726086],[51.802294,60.656196],[51.771541,60.579912],[51.963015,60.561338],[52.152814,60.541242],[52.12267,60.464806],[52.348937,60.438315],[52.328689,60.375278],[52.33204,60.362488],[52.368736,60.358377],[52.317282,60.227188],[52.44445,60.184868],[52.459294,60.184619],[52.920523,60.153778],[53.075593,60.150712],[53.37263,60.155608],[53.421552,60.224519],[53.436561,60.223524],[53.475288,60.204535],[53.487396,60.18737],[53.563772,60.158347],[53.577372,60.144582],[53.625636,60.114233],[53.641061,60.090185],[53.685846,60.001456],[53.6303,59.742317],[53.597778,59.687428],[53.449701,59.702848],[53.441566,59.679458],[53.384659,59.540487],[53.357126,59.461552],[53.290739,59.41866],[53.222744,59.358456],[53.231039,59.322301],[53.307085,59.235149],[53.326657,59.206955],[53.384022,59.152672],[53.415141,59.147002],[53.491391,59.14837],[53.72213,59.117775],[53.682241,59.151151],[53.725112,59.181336],[53.77943,59.138797],[53.819608,59.111349],[53.870817,59.120355],[53.902916,59.086836],[53.87582,59.067936],[53.87563,59.044473],[53.841905,59.024331],[53.790244,59.017119],[53.770654,59.00398],[53.753649,58.964697],[53.773512,58.918177],[53.799013,58.89102],[53.796361,58.861913],[53.826422,58.828951],[53.926141,58.794746],[53.914947,58.785376],[53.931242,58.773891],[53.905413,58.754864],[53.843634,58.739605],[53.831196,58.728741],[53.780279,58.722024],[53.77008,58.704195],[53.739067,58.691258],[53.736911,58.678736],[53.76717,58.656445],[53.749021,58.634454],[53.702641,58.602127],[53.737746,58.566704],[53.756904,58.517944],[53.783764,58.483933],[53.785599,58.455538],[53.772575,58.420644],[53.791731,58.401598],[53.812801,58.391611],[53.811236,58.377084],[53.840281,58.365872],[53.845873,58.354893],[53.828815,58.350435],[53.854932,58.342762],[53.88668,58.31436],[53.865735,58.284107],[53.833044,58.270021],[53.831076,58.262961],[53.785463,58.236607],[53.82639,58.210146],[53.881299,58.200116],[53.908204,58.179682],[53.885234,58.164273],[53.925447,58.156092],[53.945871,58.146597],[53.93725,58.134961],[53.948822,58.123932],[53.93644,58.106267],[53.94708,58.084837],[53.989937,58.069713],[54.071602,58.009748],[54.07895,57.991935],[54.136468,57.957979],[54.118932,57.947192],[54.102384,57.925599],[54.085662,57.918409],[54.092953,57.90138],[54.130595,57.875985],[54.141852,57.855673],[54.132491,57.842951],[54.137142,57.815237],[54.119574,57.809495],[54.155539,57.774661],[54.138683,57.756679],[54.135365,57.739321],[54.111653,57.74115],[54.155006,57.71436],[54.153117,57.701943],[54.12001,57.706049],[54.088111,57.686243],[54.056055,57.680584],[54.063679,57.645237],[54.050386,57.643421],[54.098266,57.635629],[54.126741,57.615644],[54.103149,57.606745],[54.088364,57.612969],[54.051878,57.6058],[54.059279,57.594556],[54.040194,57.586715],[54.01381,57.596813],[53.992334,57.588211],[53.991837,57.559337],[54.02448,57.556596],[54.043913,57.570364],[54.058109,57.544873],[54.044726,57.544242],[54.051644,57.528055],[54.031841,57.52388],[54.059918,57.514508],[54.063941,57.529366],[54.107028,57.528856],[54.113674,57.535628],[54.142203,57.532375],[54.173095,57.521944],[54.17044,57.50163],[54.143876,57.483947],[54.174891,57.479743],[54.18859,57.468123],[54.273825,57.461266],[54.273253,57.440659],[54.292475,57.432529],[54.218424,57.410733],[54.206791,57.399698],[54.154916,57.401067],[54.142765,57.38683],[54.119877,57.377806],[54.149179,57.371825],[54.124469,57.346259],[54.141776,57.315905],[54.185449,57.315996],[54.205214,57.29933],[54.217127,57.306307],[54.311665,57.305716],[54.310318,57.283404],[54.328177,57.267346],[54.29802,57.245973],[54.299241,57.239152],[54.340702,57.223288],[54.327436,57.21328],[54.319205,57.18663],[54.340671,57.175154],[54.330755,57.165285],[54.344605,57.158853],[54.322196,57.140156],[54.331194,57.130563],[54.319761,57.110327],[54.289141,57.114539],[54.314321,57.091715],[54.311305,57.0841],[54.347069,57.07743],[54.393693,57.058227],[54.393782,57.041128],[54.434826,57.035921],[54.36676,56.981221],[54.303163,56.97305],[54.257175,56.980451],[54.225297,56.992335],[54.153452,56.980931],[54.148268,56.94274],[54.150754,56.922388],[54.124079,56.891253],[54.101643,56.889308],[54.107012,56.854994],[54.097687,56.843158],[54.08791,56.81075],[54.05943,56.789674],[54.061375,56.778247],[54.03253,56.757927],[54.014841,56.752071],[53.978163,56.752412],[53.943293,56.761489],[53.905032,56.782888],[53.873961,56.815064],[53.827534,56.820257],[53.803202,56.817448],[53.796359,56.800024],[53.831831,56.797308],[53.806785,56.779609],[53.82716,56.759525],[53.854054,56.758561],[53.849607,56.718192],[53.885947,56.717607],[53.884949,56.678908],[53.901705,56.679068],[53.884968,56.662533],[53.851004,56.654217],[53.84524,56.643374],[53.865246,56.620372],[53.838854,56.625688],[53.84102,56.59672],[53.864883,56.588813],[53.876681,56.597965],[53.962696,56.601512],[54.050387,56.638054],[54.082409,56.635401],[54.064054,56.624547],[54.033573,56.589073],[54.041618,56.579077],[54.054993,56.592409],[54.070281,56.577721],[54.103281,56.579168],[54.10796,56.541972],[54.141266,56.532146],[54.191302,56.534463],[54.190389,56.506259],[54.205898,56.498706],[54.218731,56.469356],[54.244086,56.458165],[54.328795,56.482895],[54.329599,56.464091],[54.344629,56.456246],[54.338456,56.430565],[54.3468,56.401529],[54.377579,56.378702],[54.410856,56.376841],[54.418623,56.362086],[54.444573,56.34606],[54.4575,56.3571],[54.4466,56.3748],[54.4627,56.4003],[54.4864,56.4107],[54.4979,56.4325],[54.4937,56.4467],[54.5025,56.4604],[54.5248,56.468],[54.5392,56.4953],[54.5398,56.5114],[54.577733,56.534643],[54.60915,56.531315],[54.603274,56.513835],[54.61472,56.504647],[54.630839,56.509492],[54.646429,56.500862],[54.682184,56.501397],[54.679644,56.4862],[54.707192,56.464125],[54.733821,56.430409],[54.787349,56.436567],[54.788421,56.426413],[54.863153,56.402275],[54.867232,56.393269],[54.899297,56.390083],[54.929619,56.380248],[54.937518,56.370654],[54.943592,56.337213],[54.978383,56.334995],[54.989742,56.325124],[55.021814,56.324292],[55.021135,56.340348],[55.039763,56.344946],[55.116014,56.3494],[55.136998,56.341632],[55.150002,56.307456],[55.196512,56.307451],[55.201268,56.324517],[55.187945,56.358086],[55.206916,56.37202],[55.238503,56.344644],[55.280699,56.320966],[55.331195,56.316454],[55.368311,56.323734],[55.38524,56.317094],[55.42206,56.331012],[55.459557,56.331608],[55.506358,56.359249],[55.522033,56.380746],[55.627859,56.400694],[55.633282,56.395796],[55.691955,56.408486],[55.707318,56.435715],[55.739046,56.430493],[55.774309,56.445925],[55.789442,56.435629],[55.83681,56.42065],[55.874755,56.432733],[55.867046,56.442979],[55.879236,56.456682],[55.908537,56.456142],[55.919867,56.449547],[55.935976,56.413169],[55.945286,56.408605],[55.941528,56.388746],[55.952536,56.373755],[56.017745,56.339763],[56.042079,56.339931],[56.051117,56.314239],[56.081113,56.290316],[56.124858,56.30038],[56.122626,56.310245],[56.162298,56.317164],[56.218417,56.316403],[56.235373,56.320566],[56.267411,56.305743],[56.285953,56.304422],[56.283691,56.314425],[56.303726,56.333371],[56.321917,56.341382],[56.324682,56.365207],[56.377829,56.365215],[56.362071,56.388603],[56.40723,56.40379],[56.460827,56.365593],[56.483962,56.388626],[56.507644,56.376753],[56.532631,56.397031],[56.572244,56.389021],[56.532621,56.361487],[56.535034,56.350188],[56.506254,56.344041],[56.538582,56.313044],[56.578681,56.2905],[56.597125,56.274223],[56.594748,56.262981],[56.6209,56.264502],[56.651969,56.25574],[56.652679,56.232966],[56.725129,56.230841],[56.758236,56.219029],[56.746621,56.209651],[56.768379,56.193539],[56.783004,56.164346],[56.85044,56.166111],[56.86701,56.147413],[56.883149,56.110432],[56.910454,56.110593],[56.921333,56.103883],[56.970055,56.125026],[57.007201,56.136611],[57.045964,56.126737],[57.044666,56.150958],[57.064534,56.159073],[57.114189,56.159438],[57.144839,56.165789],[57.167776,56.162307],[57.185657,56.171752],[57.203793,56.169341],[57.204048,56.188198],[57.23492,56.19177],[57.227381,56.199451],[57.200482,56.19639],[57.216173,56.208547],[57.195286,56.250602],[57.219294,56.249383],[57.248166,56.271258],[57.298041,56.272278],[57.285038,56.304739],[57.306645,56.310392],[57.297953,56.32104],[57.324945,56.314887],[57.353176,56.320814],[57.348693,56.331209],[57.390734,56.331497],[57.406237,56.34266],[57.410728,56.346032],[57.388736,56.372496],[57.371424,56.379994],[57.32809,56.374039],[57.312763,56.390579],[57.323348,56.394217],[57.357308,56.440859],[57.35058,56.467764],[57.370646,56.527306],[57.388288,56.531496],[57.408575,56.581666],[57.418168,56.580454],[57.418167,56.609232],[57.387514,56.598095],[57.371084,56.606255],[57.338556,56.609783],[57.346936,56.621581],[57.39909,56.640547],[57.438894,56.677265],[57.395008,56.683991],[57.367994,56.680462],[57.335024,56.687188],[57.335244,56.703617],[57.317492,56.705601],[57.306575,56.718061],[57.347261,56.748935],[57.323223,56.772421],[57.305029,56.775177],[57.270625,56.802522],[57.2768,56.817298],[57.271947,56.838248],[57.254415,56.840563],[57.229384,56.856],[57.248349,56.884779],[57.265219,56.889741],[57.268085,56.901759],[57.297195,56.91036],[57.315829,56.928444],[57.359934,56.937376],[57.371511,56.955349],[57.389154,56.937376],[57.430833,56.955129],[57.466781,56.912899],[57.572525,56.894596],[57.578258,56.910474],[57.598657,56.916208],[57.636698,56.917311],[57.640337,56.908711],[57.665146,56.910806],[57.676062,56.920509],[57.661506,56.944216],[57.706604,56.957668],[57.751041,56.944878],[57.774857,56.962852],[57.780921,56.990197],[57.80562,56.986779],[57.816977,56.977517],[57.80959,56.966932],[57.826571,56.962411],[57.839912,56.984905],[57.823702,57.007068],[57.839691,57.005965],[57.848842,57.017874],[57.843328,57.032208],[57.872988,57.055695],[57.89449,57.052608],[57.909045,57.061429],[57.945763,57.056247],[57.943116,57.072786],[57.965941,57.070912],[57.980275,57.0783],[58.021624,57.078962],[58.016111,57.057461],[57.970683,57.052278],[58.026036,57.03629],[58.037282,57.05294],[58.059225,57.057241],[58.069369,57.049412],[58.09072,57.100279],[58.039704,57.114243],[58.061359,57.125685],[58.103573,57.128724],[58.117442,57.12396],[58.124395,57.142605],[58.032166,57.150674],[58.047652,57.193216],[58.035169,57.197225],[58.025352,57.18495],[57.998718,57.19],[57.98641,57.21175],[57.99185,57.22149],[58.017442,57.213096],[58.028881,57.237622],[58.047489,57.248701],[58.016394,57.25284],[58.010854,57.265621],[58.02596,57.274177],[57.98373,57.293403],[57.955704,57.29033],[57.940085,57.296469],[57.979685,57.312939],[57.940486,57.31643],[58.012026,57.484537],[57.968976,57.489028],[57.985624,57.535398],[57.985679,57.554646],[58.028868,57.566948],[58.030354,57.611408],[58.063776,57.611709],[58.064248,57.595706],[58.088728,57.588975],[58.119009,57.602701],[58.092918,57.619945],[58.109025,57.630595],[58.107606,57.651305],[58.094477,57.658863],[58.154722,57.695192],[58.15942,57.679759],[58.238149,57.682415],[58.250693,57.673932],[58.276121,57.677705],[58.387239,57.673989],[58.446871,57.673931],[58.452214,57.664705],[58.428456,57.660667],[58.449041,57.650015],[58.465331,57.620189],[58.460452,57.582358],[58.469498,57.576165],[58.510638,57.574219],[58.517058,57.562257],[58.537085,57.564072],[58.594911,57.597965],[58.679547,57.655736],[58.744342,57.690972],[58.805427,57.729091],[58.847335,57.725834],[58.83132,57.740102],[58.863791,57.838097],[58.728266,57.852053],[58.744246,57.892697],[58.702668,57.885296],[58.686545,57.899422],[58.686603,57.913182],[58.668554,57.933306],[58.649257,57.943832],[58.662396,57.94694],[58.642168,57.975416],[58.638569,58.004797],[58.597439,58.021005],[58.586743,58.041514],[58.625445,58.058715],[58.650475,58.050005],[58.676717,58.069522],[58.663264,58.105247],[58.688293,58.115502],[58.738242,58.144281],[58.762831,58.141415],[58.778046,58.179125],[58.805502,58.176148],[58.816306,58.214851],[58.861294,58.21011],[58.874304,58.245395],[58.908816,58.241315],[58.924693,58.28101],[59.137063,58.259842],[59.105526,58.288069],[59.18624,58.278588],[59.200353,58.310233],[59.201675,58.327104],[59.218876,58.324788],[59.264636,58.336697],[59.255373,58.35059],[59.277755,58.377164],[59.27577,58.399548],[59.287457,58.419285],[59.319323,58.426342],[59.38493,58.429651],[59.453623,58.478057],[59.39606,58.585343],[59.415573,58.662859],[59.398591,58.708066],[59.350846,58.706853],[59.3439,58.696929],[59.317767,58.694393],[59.286231,58.700304],[59.267596,58.712696],[59.228562,58.719862],[59.153582,58.717546],[59.145751,58.774993],[59.105835,58.77378],[59.081684,58.843576],[59.087528,58.843907],[59.080028,58.906096],[59.1689,58.910287],[59.20694,58.953952],[59.092924,59.000481],[59.196787,59.147133],[59.151908,59.162459],[59.106479,59.17139],[58.994559,59.208547],[58.989779,59.22277],[58.95987,59.234125],[58.789187,59.239542],[58.681216,59.26849],[58.624727,59.297966],[58.598702,59.352767],[58.54037,59.407126],[58.524931,59.435023],[58.459103,59.455641],[58.458441,59.463359],[58.416209,59.459389],[58.362935,59.46464],[58.479048,59.711673],[58.505842,59.71013],[58.602325,59.693481],[58.693449,59.85661],[58.800246,59.843002],[58.839456,59.931982],[58.988792,59.907617],[58.978314,59.955802],[58.980078,59.967711],[58.963427,59.977965],[58.984157,59.985133],[59.029805,60.015235],[59.07567,60.102344],[59.068392,60.119214],[59.089342,60.1298],[59.0889,60.148985],[59.103343,60.17997],[59.137965,60.205882],[59.155605,60.249436],[59.14965,60.257375],[59.160896,60.278877],[59.156264,60.290344],[59.179309,60.315153],[59.143803,60.326179],[59.149756,60.341837],[59.175558,60.349776],[59.21073,60.39741],[59.207201,60.406783],[59.225504,60.429387],[59.218446,60.44328],[59.243806,60.470295],[59.284051,60.499405],[59.355832,60.521459],[59.361234,60.543732],[59.394421,60.596879],[59.405998,60.601951],[59.409195,60.622681],[59.423639,60.635472],[59.417351,60.685752],[59.432566,60.721808],[59.444805,60.733386],[59.425948,60.750256],[59.450206,60.772971],[59.482731,60.831521],[59.469608,60.847729],[59.476994,60.88974],[59.475006,60.939248],[59.437075,60.946415],[59.395064,60.942114],[59.369371,60.968356],[59.374001,60.991071],[59.362421,61.043556],[59.3418,61.058221],[59.358671,61.06627],[59.340035,61.078068],[59.344114,61.104862],[59.315994,61.151944],[59.292176,61.161206],[59.284013,61.228136],[59.271884,61.228908],[59.252806,61.260553],[59.261516,61.275659],[59.257545,61.313038],[59.28467,61.316236],[59.320615,61.333548],[59.312123,61.354388],[59.369239,61.392871],[59.425473,61.39673],[59.44521,61.415145],[59.42933,61.441939],[59.401653,61.46366],[59.439031,61.486375],[59.446197,61.510964],[59.415102,61.521549],[59.402862,61.532575],[59.413336,61.55143],[59.402087,61.58936],[59.413554,61.5973],[59.406496,61.616265],[59.357648,61.634347],[59.348463,61.66377]],[[53.842667,56.617525],[53.882409,56.625908],[53.889345,56.645707],[53.923308,56.649609],[53.945975,56.646311],[53.962474,56.628799],[53.981117,56.633568],[53.987186,56.64831],[54.013632,56.674432],[54.022272,56.656415],[54.095682,56.654968],[54.076377,56.640808],[54.044127,56.642096],[53.992823,56.616226],[53.957127,56.602785],[53.853217,56.599894],[53.842667,56.617525]]]},"id":7},{"type":"Feature","properties":{"name":"Чебоксары","cartodb_id":21,"created_at":"2013-12-04T04:23:51+0100","updated_at":"2013-12-04T08:15:36+0100","name_latin":"Chuvash Republic"},"geometry":{"type":"MultiPolygon","coordinates":[[[[48.050632,54.989088],[48.102709,54.991061],[48.099905,54.998922],[48.119588,55.013018],[48.113203,55.024608],[48.05238,55.00272],[48.050632,54.989088]]],[[[47.290809,54.674267],[47.334299,54.667393],[47.330579,54.656757],[47.355589,54.627395],[47.405286,54.638393],[47.391561,54.653039],[47.373521,54.655339],[47.365012,54.672528],[47.370814,54.697904],[47.290809,54.674267]]],[[[47.8373,54.768253],[47.85386,54.741635],[47.850659,54.773181],[47.8373,54.768253]]],[[[47.819619,54.903472],[47.842827,54.909117],[47.822454,54.913742],[47.819619,54.903472]]],[[[46.185308,56.031569],[46.180124,56.010566],[46.080268,55.948898],[46.102214,55.926968],[46.134376,55.92199],[46.145996,55.913638],[46.125517,55.901897],[46.150682,55.900137],[46.168537,55.886183],[46.142623,55.889017],[46.12001,55.878293],[46.073492,55.867697],[46.111353,55.831387],[46.100442,55.798637],[46.067654,55.78252],[46.032636,55.785416],[45.992459,55.749566],[45.952936,55.75773],[45.933783,55.72984],[45.953328,55.712665],[45.914065,55.695883],[45.916555,55.668798],[45.93913,55.665878],[45.952126,55.653825],[45.960194,55.630865],[46.014439,55.633772],[46.041562,55.629508],[46.06508,55.614096],[46.062848,55.600327],[46.080751,55.595669],[46.098174,55.575732],[46.082124,55.57282],[46.11675,55.555302],[46.092166,55.549764],[46.10856,55.541752],[46.107867,55.530672],[46.133022,55.51547],[46.151812,55.526688],[46.19825,55.521697],[46.18572,55.542244],[46.206392,55.543998],[46.228756,55.532221],[46.214334,55.520674],[46.237134,55.521447],[46.250696,55.502979],[46.28005,55.499139],[46.291894,55.508812],[46.308803,55.500014],[46.32416,55.477979],[46.345658,55.484469],[46.394891,55.462952],[46.384585,55.451703],[46.38922,55.427651],[46.378577,55.417811],[46.332228,55.413427],[46.256641,55.399179],[46.245024,55.386035],[46.214155,55.371729],[46.236098,55.347988],[46.199877,55.337738],[46.229394,55.287286],[46.221752,55.271374],[46.182287,55.263606],[46.163557,55.24619],[46.173581,55.236669],[46.12497,55.223764],[46.105613,55.230529],[46.079679,55.220505],[46.074605,55.200585],[46.056564,55.189685],[46.044538,55.166256],[46.011838,55.163123],[46.013467,55.149717],[46.028377,55.149342],[46.043663,55.114262],[46.032038,55.094169],[46.077993,55.082189],[46.067971,55.064899],[46.040972,55.053873],[46.061001,55.047639],[46.137705,55.022711],[46.143967,55.005783],[46.13015,54.996485],[46.154598,54.973984],[46.184022,55.019353],[46.1799,55.026287],[46.207103,55.032733],[46.202126,55.049692],[46.182139,55.068561],[46.226845,55.083002],[46.279319,55.034057],[46.293037,55.028402],[46.275798,55.00056],[46.287887,54.992389],[46.243187,54.977962],[46.27133,54.962842],[46.282571,54.938099],[46.29612,54.943225],[46.310885,54.928735],[46.32684,54.93677],[46.326326,54.920945],[46.339282,54.91256],[46.370261,54.90649],[46.373013,54.893616],[46.410591,54.874072],[46.390421,54.865328],[46.400897,54.86005],[46.382018,54.830457],[46.399953,54.806872],[46.426299,54.790789],[46.449103,54.785992],[46.405606,54.77753],[46.441731,54.761445],[46.493309,54.757752],[46.492495,54.746029],[46.514475,54.745215],[46.542561,54.734633],[46.550376,54.719491],[46.603291,54.708584],[46.622341,54.691651],[46.658486,54.674231],[46.737531,54.685629],[46.766024,54.677977],[46.776443,54.684164],[46.799972,54.639554],[46.826185,54.632065],[46.875435,54.645905],[46.885611,54.657953],[46.892286,54.644277],[46.952689,54.680259],[47.010243,54.685144],[47.029454,54.69068],[47.034094,54.705496],[47.079356,54.705171],[47.078868,54.696379],[47.108826,54.675703],[47.147414,54.662841],[47.155554,54.676029],[47.169719,54.652421],[47.183396,54.651607],[47.176394,54.666098],[47.207492,54.657143],[47.241031,54.653562],[47.217749,54.667401],[47.261545,54.668053],[47.267867,54.673486],[47.258597,54.677532],[47.283934,54.712965],[47.31728,54.730097],[47.387674,54.752798],[47.358841,54.773965],[47.370767,54.781276],[47.369252,54.828718],[47.387243,54.843009],[47.426415,54.83644],[47.409066,54.880576],[47.453174,54.872501],[47.450518,54.861459],[47.560501,54.844651],[47.576949,54.828649],[47.603164,54.832356],[47.640404,54.864751],[47.658999,54.859546],[47.684068,54.839777],[47.709967,54.843014],[47.744786,54.812796],[47.754646,54.81556],[47.724882,54.846553],[47.722629,54.858919],[47.738558,54.896982],[47.714598,54.90134],[47.735823,54.908911],[47.745542,54.897391],[47.787322,54.823933],[47.795337,54.80506],[47.823539,54.803411],[47.844877,54.819951],[47.801671,54.826487],[47.782619,54.869541],[47.778167,54.901485],[47.769989,54.915319],[47.763722,54.954319],[47.808262,54.964803],[47.823814,54.959623],[47.852162,54.961876],[47.895728,54.941669],[47.930318,54.950062],[47.941161,54.945159],[47.976187,54.952781],[48.011604,54.98553],[48.028034,55.039695],[48.01335,55.036869],[47.99686,55.053445],[47.975521,55.040936],[47.972746,55.064679],[47.945375,55.061714],[47.936155,55.049648],[47.95135,55.037358],[47.930529,55.026238],[47.918852,55.045647],[47.900018,55.052815],[47.906185,55.072764],[47.901614,55.091834],[47.943197,55.090897],[47.959439,55.098456],[47.982929,55.097506],[48.014628,55.105008],[48.017526,55.115682],[48.035255,55.118429],[48.03788,55.108639],[48.063163,55.083669],[48.086793,55.093943],[48.061378,55.12863],[48.102603,55.135901],[48.107665,55.145905],[48.074998,55.175321],[48.064316,55.229142],[48.021094,55.232698],[48.012912,55.238265],[48.004708,55.266106],[48.016183,55.28475],[47.976536,55.303477],[47.96023,55.304534],[47.911613,55.322252],[47.89441,55.315475],[47.872431,55.321496],[47.873809,55.304521],[47.864214,55.284068],[47.901726,55.262231],[47.866865,55.254228],[47.865833,55.268256],[47.822929,55.279783],[47.804031,55.302955],[47.788535,55.29777],[47.80032,55.281833],[47.789585,55.271656],[47.783703,55.23867],[47.737754,55.238215],[47.709326,55.230822],[47.703214,55.215842],[47.669943,55.214213],[47.66852,55.230648],[47.687218,55.233977],[47.699566,55.285032],[47.684911,55.30616],[47.683704,55.323971],[47.662802,55.33527],[47.645109,55.33553],[47.690989,55.361437],[47.70341,55.349249],[47.741199,55.352127],[47.75588,55.337979],[47.780374,55.333057],[47.808679,55.3511],[47.802951,55.366395],[47.838792,55.373605],[47.860835,55.391617],[47.876666,55.392661],[47.872987,55.412889],[47.89266,55.414043],[47.897568,55.429401],[47.912739,55.429404],[47.928423,55.475212],[47.976795,55.491518],[47.969208,55.51546],[48.039149,55.524643],[48.05649,55.513454],[48.07074,55.528646],[48.080575,55.521233],[48.107967,55.524123],[48.108465,55.546373],[48.147589,55.565033],[48.136495,55.573593],[48.103694,55.568879],[48.09899,55.5774],[48.071819,55.585401],[48.067124,55.595799],[48.082042,55.616307],[48.05501,55.607523],[48.028512,55.606866],[48.013511,55.599305],[48.010683,55.629275],[48.034203,55.637255],[48.033466,55.650973],[48.086901,55.650081],[48.083966,55.694768],[48.108215,55.690318],[48.110249,55.651781],[48.129499,55.646347],[48.135665,55.673297],[48.128601,55.688965],[48.145872,55.693047],[48.222262,55.687399],[48.23507,55.689446],[48.241025,55.706249],[48.232289,55.712948],[48.251925,55.735469],[48.237683,55.748679],[48.28179,55.761588],[48.266329,55.78055],[48.309992,55.781634],[48.337433,55.769164],[48.346176,55.777868],[48.361696,55.77266],[48.412517,55.783752],[48.420602,55.793605],[48.395095,55.808846],[48.395434,55.825896],[48.406167,55.825699],[48.347642,55.830113],[48.322389,55.835341],[48.285568,55.854808],[48.25709,55.85859],[48.222827,55.876277],[48.234728,55.909427],[48.169206,55.935567],[48.096342,55.939571],[48.053736,55.953809],[48.047062,55.945689],[47.983319,55.976168],[48.005901,55.98885],[47.995555,55.998416],[47.952679,56.01956],[47.926942,56.01401],[47.931256,56.03468],[47.918461,56.079065],[47.933033,56.092303],[47.909226,56.115329],[47.878968,56.125786],[47.872628,56.11811],[47.844038,56.126453],[47.759383,56.135685],[47.742475,56.130456],[47.672726,56.141913],[47.653148,56.131233],[47.602978,56.143135],[47.562597,56.14091],[47.51899,56.144692],[47.50742,56.159486],[47.480167,56.150921],[47.425881,56.156816],[47.43233,56.225229],[47.380268,56.227231],[47.392278,56.324122],[47.251891,56.329126],[47.247665,56.311549],[47.150551,56.314996],[47.146882,56.277397],[47.091483,56.280066],[47.042649,56.270276],[46.984582,56.252477],[46.985472,56.243911],[46.934079,56.225889],[46.918395,56.213096],[46.822506,56.193294],[46.775227,56.210869],[46.753424,56.206976],[46.76911,56.199189],[46.787242,56.203416],[46.796975,56.190563],[46.754427,56.163369],[46.760435,56.155916],[46.734628,56.129107],[46.706778,56.123864],[46.655615,56.099032],[46.619727,56.127174],[46.586121,56.132553],[46.516558,56.113211],[46.516744,56.122578],[46.48709,56.124691],[46.44351,56.112973],[46.414245,56.129863],[46.38668,56.108821],[46.321702,56.086495],[46.30614,56.072167],[46.238717,56.06547],[46.200673,56.045446],[46.202034,56.032768],[46.185308,56.031569]],[[47.698839,55.388287],[47.703566,55.396145],[47.738953,55.375665],[47.706103,55.381188],[47.698839,55.388287]],[[47.294091,54.847865],[47.325065,54.852519],[47.322108,54.842708],[47.294091,54.847865]]]]},"id":8},{"type":"Feature","properties":{"name":"Пенза","cartodb_id":58,"created_at":"2013-12-04T04:23:51+0100","updated_at":"2013-12-04T08:16:25+0100","name_latin":"Penza Oblast"},"geometry":{"type":"Polygon","coordinates":[[[42.144531,53.802341],[42.154048,53.77081],[42.106717,53.768021],[42.110404,53.75708],[42.081739,53.748005],[42.089521,53.708587],[42.143951,53.712079],[42.125589,53.69293],[42.117835,53.671193],[42.127316,53.652501],[42.121927,53.569092],[42.139582,53.567753],[42.109533,53.515339],[42.171746,53.532993],[42.158169,53.507449],[42.141635,53.499847],[42.15583,53.49358],[42.197589,53.496055],[42.225196,53.489027],[42.227419,53.479705],[42.255598,53.484075],[42.25675,53.470193],[42.271082,53.45824],[42.295901,53.452083],[42.299252,53.432534],[42.285082,53.428585],[42.273684,53.412219],[42.259801,53.414553],[42.259682,53.3982],[42.246815,53.392787],[42.240536,53.357158],[42.272662,53.373222],[42.28219,53.364336],[42.291964,53.372906],[42.323499,53.347962],[42.379592,53.327366],[42.412166,53.33802],[42.419006,53.287923],[42.43218,53.283097],[42.420968,53.271701],[42.494068,53.241357],[42.557809,53.195599],[42.571364,53.179832],[42.509028,53.17019],[42.526065,53.144476],[42.544187,53.135306],[42.547553,53.122359],[42.627608,53.128283],[42.64225,53.111768],[42.708381,53.060523],[42.754868,53.018262],[42.810405,52.98805],[42.93265,52.942773],[42.957555,52.930946],[42.954222,52.911944],[42.980534,52.89314],[42.990725,52.89326],[43.009742,52.870166],[43.10569,52.803579],[43.11827,52.803298],[43.193604,52.717261],[43.248087,52.63634],[43.220343,52.636794],[43.11228,52.570038],[43.08806,52.574568],[43.083488,52.566516],[43.058242,52.559391],[43.04917,52.530761],[43.061915,52.517591],[43.121771,52.510893],[43.057376,52.49191],[43.024048,52.486763],[43.048908,52.440327],[43.06728,52.43095],[43.081329,52.404693],[43.066872,52.402483],[43.072117,52.391566],[43.038936,52.3879],[43.039706,52.370635],[43.087174,52.372175],[43.097226,52.382538],[43.117153,52.37877],[43.142162,52.438962],[43.157808,52.437517],[43.178883,52.452091],[43.240315,52.436983],[43.245243,52.426943],[43.283355,52.440201],[43.322433,52.420056],[43.321052,52.403211],[43.336238,52.373748],[43.366971,52.353769],[43.374095,52.371165],[43.414062,52.382003],[43.461067,52.375678],[43.488266,52.379427],[43.510974,52.401945],[43.543858,52.398231],[43.56725,52.407008],[43.584709,52.397404],[43.597952,52.400061],[43.669829,52.393654],[43.709458,52.418702],[43.747019,52.432056],[43.755197,52.425884],[43.797414,52.418835],[43.864351,52.380937],[43.891909,52.405085],[43.938736,52.380685],[43.965897,52.360544],[43.997444,52.34338],[44.001124,52.350691],[44.028928,52.330323],[44.064811,52.352987],[44.095208,52.32651],[44.114037,52.330932],[44.156717,52.306612],[44.177899,52.33266],[44.196805,52.347351],[44.218318,52.321992],[44.258845,52.314328],[44.321377,52.278928],[44.332756,52.294122],[44.347376,52.29285],[44.334083,52.308371],[44.314552,52.306192],[44.3389,52.337068],[44.356178,52.335326],[44.35696,52.3482],[44.372671,52.366274],[44.374613,52.396503],[44.381569,52.413844],[44.39803,52.413792],[44.401212,52.429344],[44.425629,52.42633],[44.448574,52.431995],[44.466022,52.428167],[44.461003,52.413593],[44.47943,52.429486],[44.497208,52.425548],[44.506151,52.440331],[44.535785,52.450395],[44.520031,52.481625],[44.506254,52.485864],[44.520512,52.502196],[44.503006,52.505867],[44.507483,52.523551],[44.532591,52.532595],[44.570131,52.505648],[44.591168,52.509917],[44.620977,52.489249],[44.613324,52.480727],[44.665932,52.460764],[44.682972,52.463814],[44.783179,52.45117],[44.79549,52.438479],[44.853116,52.447721],[44.8751,52.424649],[44.8917,52.416733],[44.892952,52.356528],[44.952157,52.356257],[44.95333,52.365614],[44.98313,52.365641],[44.983033,52.33875],[45.027721,52.316085],[45.059969,52.306116],[45.088581,52.313289],[45.085446,52.338755],[45.061078,52.36153],[45.068893,52.38028],[45.088551,52.379492],[45.093912,52.400002],[45.148294,52.418508],[45.174283,52.418244],[45.17267,52.409204],[45.19833,52.404832],[45.207339,52.384094],[45.233534,52.375677],[45.243229,52.385016],[45.267626,52.390862],[45.295126,52.376046],[45.299771,52.391998],[45.317327,52.396867],[45.352976,52.396469],[45.359899,52.386716],[45.384038,52.410578],[45.409938,52.402415],[45.429318,52.38629],[45.442501,52.400184],[45.448791,52.424964],[45.468635,52.426798],[45.489449,52.413239],[45.4927,52.426717],[45.513653,52.425543],[45.524668,52.459737],[45.524166,52.47653],[45.552133,52.465001],[45.576436,52.464282],[45.583588,52.453142],[45.600943,52.452551],[45.589871,52.469449],[45.62145,52.477667],[45.640552,52.507726],[45.652083,52.508327],[45.654974,52.485144],[45.667805,52.474003],[45.700307,52.471891],[45.698533,52.440915],[45.732676,52.45693],[45.770688,52.457491],[45.766139,52.427567],[45.794148,52.41629],[45.823238,52.420537],[45.835325,52.431397],[45.850129,52.412961],[45.908432,52.415284],[45.914225,52.405492],[45.961039,52.396793],[45.960923,52.418503],[45.977432,52.423126],[45.996931,52.447368],[46.012701,52.454175],[45.983535,52.474385],[46.004107,52.510991],[46.028676,52.514732],[46.054819,52.533722],[46.065976,52.528585],[46.081744,52.538846],[46.084433,52.555158],[46.122478,52.544849],[46.119078,52.523341],[46.136282,52.526805],[46.125701,52.546721],[46.140302,52.549581],[46.140672,52.587105],[46.166902,52.607934],[46.178785,52.599827],[46.198966,52.601671],[46.210562,52.614092],[46.268342,52.610239],[46.261215,52.626334],[46.261472,52.650081],[46.289592,52.668342],[46.325899,52.680843],[46.37749,52.675505],[46.412709,52.675961],[46.417894,52.664397],[46.436128,52.669456],[46.432712,52.684914],[46.45509,52.678501],[46.489002,52.681361],[46.522894,52.694115],[46.539042,52.688495],[46.571619,52.702207],[46.577626,52.725591],[46.593834,52.721665],[46.597012,52.694029],[46.609288,52.662354],[46.659886,52.664758],[46.680429,52.64265],[46.702319,52.635175],[46.743722,52.611189],[46.801859,52.621141],[46.798117,52.644268],[46.805864,52.662709],[46.799415,52.67002],[46.814921,52.680551],[46.817569,52.697949],[46.845057,52.691247],[46.857917,52.710086],[46.940143,52.721964],[46.937198,52.738486],[46.926254,52.739942],[46.945772,52.752972],[46.969109,52.759405],[46.966177,52.78689],[46.97028,52.80898],[46.934715,52.828303],[46.925652,52.854482],[46.909558,52.875679],[46.896265,52.875997],[46.892765,52.893382],[46.927109,52.918984],[46.917765,52.919133],[46.926232,52.966235],[46.911345,52.967432],[46.916406,52.996374],[46.923738,52.996389],[46.933116,53.071272],[46.938684,53.08047],[46.910137,53.082676],[46.911449,53.090428],[46.956722,53.097728],[46.946652,53.112531],[46.97298,53.120431],[46.969899,53.129485],[46.947901,53.128992],[46.930099,53.171332],[46.876104,53.165773],[46.863107,53.177165],[46.862212,53.209943],[46.874847,53.215738],[46.871097,53.238552],[46.903859,53.255807],[46.942159,53.250974],[46.937642,53.275552],[46.954466,53.284601],[46.898875,53.278757],[46.908509,53.36347],[46.817088,53.366982],[46.791834,53.372678],[46.768237,53.395788],[46.758187,53.390948],[46.746153,53.41597],[46.720084,53.41511],[46.703585,53.434995],[46.678696,53.428115],[46.659541,53.441857],[46.681045,53.475366],[46.669933,53.482395],[46.649753,53.468775],[46.620054,53.467599],[46.607771,53.455752],[46.589637,53.467599],[46.568175,53.462485],[46.552762,53.477997],[46.555964,53.486761],[46.532285,53.48297],[46.521321,53.46439],[46.505246,53.481495],[46.455797,53.512958],[46.467044,53.52291],[46.450697,53.539561],[46.449633,53.581845],[46.444955,53.603505],[46.471303,53.609069],[46.479751,53.617991],[46.438391,53.648993],[46.376481,53.670359],[46.328083,53.725346],[46.331165,53.741447],[46.303347,53.758559],[46.276153,53.740858],[46.246873,53.754909],[46.256721,53.771453],[46.287422,53.779221],[46.279374,53.790302],[46.250099,53.794973],[46.216315,53.793677],[46.201384,53.800393],[46.17272,53.796735],[46.16317,53.807983],[46.173285,53.818819],[46.174146,53.857007],[46.192932,53.881457],[46.217747,53.885096],[46.186894,53.890782],[46.177834,53.901473],[46.185294,53.911999],[46.150167,53.926036],[46.148233,53.935542],[46.124903,53.934978],[46.124426,53.921518],[46.100432,53.932647],[46.107735,53.947141],[46.078067,53.966138],[46.030515,53.97682],[46.030821,53.984404],[46.003857,53.980768],[45.976949,53.98513],[45.983434,53.995544],[45.95926,53.995986],[45.973759,54.003427],[45.97641,54.019802],[45.947012,54.027264],[45.924477,53.985742],[45.928127,54.005476],[45.892731,54.007081],[45.905733,53.984423],[45.87269,53.981194],[45.857451,53.994651],[45.850307,53.979291],[45.830398,53.966588],[45.813633,53.975716],[45.780173,53.965421],[45.737698,53.94159],[45.718741,53.946692],[45.710335,53.932398],[45.73624,53.905925],[45.704491,53.895757],[45.661675,53.918154],[45.633792,53.913755],[45.564036,53.929465],[45.540873,53.92937],[45.517101,53.917897],[45.541814,53.895003],[45.485437,53.890096],[45.472745,53.900158],[45.415435,53.89788],[45.362234,53.881299],[45.35717,53.870064],[45.298482,53.871534],[45.295475,53.90253],[45.282606,53.9181],[45.270686,53.916688],[45.21225,53.956692],[45.18934,53.958155],[45.176467,53.971527],[45.144556,53.964111],[45.132713,53.967644],[45.115982,53.946189],[45.07085,53.960576],[45.007268,53.959113],[45.007186,53.971125],[44.988735,53.9684],[44.984281,53.957396],[44.960246,53.964313],[44.923954,53.946844],[44.932706,53.960478],[44.903621,53.959969],[44.871526,53.968503],[44.856686,53.95962],[44.831459,53.963251],[44.817476,53.933814],[44.803149,53.92669],[44.750813,53.920275],[44.72678,53.92315],[44.721466,53.91618],[44.743429,53.907334],[44.724896,53.897021],[44.723096,53.886406],[44.695811,53.900208],[44.685678,53.914915],[44.660284,53.904255],[44.639436,53.904151],[44.651278,53.886406],[44.630773,53.891714],[44.607604,53.881195],[44.613269,53.857618],[44.590701,53.844816],[44.6004,53.839449],[44.603824,53.798975],[44.654191,53.799584],[44.669206,53.782048],[44.64982,53.778651],[44.635493,53.785296],[44.618507,53.769421],[44.636261,53.770538],[44.638576,53.755325],[44.689718,53.750708],[44.700528,53.723098],[44.725927,53.710556],[44.731592,53.700704],[44.715204,53.680125],[44.656429,53.683278],[44.62459,53.688869],[44.620134,53.683381],[44.587957,53.685924],[44.586661,53.666202],[44.532531,53.660913],[44.537161,53.655571],[44.505153,53.649065],[44.494346,53.660402],[44.514087,53.66086],[44.54162,53.670367],[44.53682,53.677686],[44.511503,53.675553],[44.504989,53.665942],[44.458908,53.663962],[44.414121,53.697857],[44.371911,53.694049],[44.381859,53.704461],[44.371566,53.721574],[44.355774,53.705526],[44.317853,53.706852],[44.311932,53.692218],[44.295369,53.690848],[44.202533,53.693845],[44.195328,53.703245],[44.148737,53.704363],[44.144189,53.691762],[44.11407,53.692526],[44.122309,53.710914],[44.119049,53.730156],[44.103606,53.734776],[44.08816,53.725382],[44.075034,53.739089],[44.052551,53.731831],[44.039338,53.744668],[43.995839,53.7503],[43.982364,53.740151],[43.958426,53.76435],[43.927452,53.770688],[43.916213,53.786866],[43.895878,53.786458],[43.883263,53.801055],[43.859671,53.805976],[43.906434,53.81661],[43.901196,53.834489],[43.917324,53.839855],[43.904373,53.846232],[43.933371,53.85666],[43.923849,53.87381],[43.865764,53.895657],[43.846455,53.924113],[43.766749,53.953105],[43.748472,53.967391],[43.745811,53.959363],[43.69107,53.950276],[43.686692,53.95437],[43.632983,53.964967],[43.61522,53.964411],[43.615648,53.975968],[43.580126,53.981116],[43.553872,54.006339],[43.535252,54.014353],[43.514491,53.996455],[43.494243,54.002202],[43.464293,53.987579],[43.458459,53.978798],[43.402086,53.985256],[43.397371,53.997515],[43.347603,53.997465],[43.336877,54.012186],[43.315971,54.024188],[43.289889,54.009061],[43.288085,53.999832],[43.238752,53.995748],[43.240036,53.989494],[43.190184,53.993583],[43.182778,53.968601],[43.126751,53.977284],[43.129926,53.940028],[43.100064,53.928203],[43.10762,53.894194],[43.130696,53.896469],[43.169308,53.886253],[43.164758,53.877757],[43.180034,53.834538],[43.156781,53.820004],[43.138591,53.825069],[43.106242,53.853976],[43.09672,53.87381],[43.046951,53.856356],[43.045323,53.840055],[43.078358,53.83849],[43.072694,53.810782],[43.023358,53.814178],[43.062055,53.819145],[43.027393,53.823955],[43.02353,53.82983],[42.968533,53.822181],[42.972735,53.810986],[42.931977,53.795533],[42.896283,53.794468],[42.837598,53.814232],[42.790234,53.807437],[42.759604,53.825475],[42.745793,53.784582],[42.753254,53.764553],[42.727085,53.739494],[42.702032,53.74944],[42.707692,53.779967],[42.739018,53.81679],[42.698857,53.81519],[42.665651,53.801308],[42.648575,53.817569],[42.6291,53.80906],[42.601127,53.770893],[42.58886,53.77115],[42.570068,53.749389],[42.547844,53.749295],[42.534973,53.76502],[42.558398,53.779728],[42.556252,53.800501],[42.568867,53.809872],[42.588943,53.809468],[42.590057,53.836764],[42.555995,53.830742],[42.526479,53.810173],[42.51138,53.81058],[42.494995,53.778096],[42.505803,53.760496],[42.52257,53.757085],[42.522144,53.746636],[42.562126,53.733439],[42.498596,53.734776],[42.474226,53.75431],[42.485899,53.760749],[42.45578,53.773176],[42.412782,53.763974],[42.417906,53.781768],[42.409472,53.798938],[42.387662,53.805338],[42.371838,53.795215],[42.311894,53.799125],[42.322876,53.813167],[42.357451,53.826181],[42.35023,53.853669],[42.258911,53.831881],[42.236265,53.836824],[42.200068,53.824626],[42.205091,53.818646],[42.136515,53.82247],[42.144531,53.802341]]]}},{"type":"Feature","properties":{"name":"Нижний новгород","cartodb_id":52,"created_at":"2013-12-04T04:23:51+0100","updated_at":"2013-12-04T08:17:27+0100","name_latin":"Nizhny Novgorod Oblast"},"geometry":{"type":"Polygon","coordinates":[[[41.795935,55.103672],[41.775525,55.100507],[41.803794,55.070811],[41.836876,55.074788],[41.85803,55.058076],[41.87701,55.059816],[41.927704,55.077833],[41.961904,55.095416],[41.997626,55.099703],[41.997907,55.075101],[41.980948,55.055406],[42.002568,55.038757],[41.989585,55.016764],[41.999029,54.9962],[42.060815,54.978184],[42.113063,54.978372],[42.226476,54.958679],[42.254307,54.97856],[42.30028,54.992104],[42.321528,54.988004],[42.366817,55.00714],[42.404528,55.005028],[42.42944,55.013105],[42.444723,55.025903],[42.485478,55.009005],[42.485231,54.990865],[42.445968,54.967753],[42.462432,54.943462],[42.493807,54.91886],[42.494678,54.907429],[42.468336,54.895252],[42.458956,54.878477],[42.445182,54.88449],[42.425751,54.861484],[42.44429,54.855454],[42.442662,54.825224],[42.425528,54.805582],[42.433575,54.793561],[42.444321,54.798354],[42.448387,54.810519],[42.475039,54.819597],[42.501685,54.83814],[42.534132,54.817507],[42.543476,54.803493],[42.571163,54.796266],[42.579816,54.787432],[42.601969,54.79257],[42.61555,54.78209],[42.641943,54.781992],[42.672316,54.807089],[42.724419,54.818554],[42.741648,54.812669],[42.738283,54.787761],[42.772876,54.789618],[42.786079,54.777049],[42.809342,54.770075],[42.79367,54.754855],[42.818053,54.754304],[42.832058,54.770336],[42.853161,54.765487],[42.885506,54.767088],[42.901959,54.759991],[42.924684,54.780464],[42.952109,54.782394],[42.968963,54.797617],[43.020443,54.78492],[43.03314,54.794118],[43.046913,54.772469],[43.086784,54.775022],[43.11591,54.794375],[43.138148,54.829512],[43.131063,54.849259],[43.141245,54.855142],[43.169227,54.897769],[43.21244,54.892056],[43.223367,54.910532],[43.242986,54.919565],[43.265818,54.91256],[43.28735,54.929483],[43.300436,54.910963],[43.35547,54.905895],[43.362573,54.93224],[43.340037,54.940904],[43.341734,54.950598],[43.386935,54.956907],[43.388853,54.935592],[43.407645,54.929519],[43.422021,54.935277],[43.454771,54.934408],[43.465669,54.909411],[43.520838,54.899643],[43.590768,54.902653],[43.614365,54.883407],[43.614709,54.870869],[43.632036,54.862077],[43.618222,54.854423],[43.672874,54.841729],[43.690637,54.831749],[43.748212,54.821864],[43.78006,54.829669],[43.77354,54.819436],[43.861144,54.80495],[43.957756,54.806086],[43.915027,54.753784],[43.921118,54.739324],[43.973629,54.727426],[44.002889,54.72792],[44.031286,54.741489],[44.068097,54.743426],[44.09598,54.734113],[44.094179,54.718352],[44.07839,54.70403],[44.079934,54.676357],[44.06844,54.648567],[44.101649,54.645291],[44.120093,54.633919],[44.172005,54.635362],[44.194658,54.613701],[44.200579,54.596459],[44.235759,54.603166],[44.248113,54.597503],[44.271862,54.60621],[44.308583,54.590453],[44.35629,54.590453],[44.371133,54.583641],[44.381515,54.552105],[44.405199,54.547974],[44.404768,54.534631],[44.43094,54.533386],[44.461659,54.522933],[44.525583,54.525573],[44.536737,54.517904],[44.558443,54.532142],[44.580232,54.572801],[44.598596,54.570262],[44.626656,54.556182],[44.658824,54.514816],[44.622881,54.495784],[44.619532,54.522534],[44.602366,54.517402],[44.602628,54.487364],[44.575253,54.480135],[44.58624,54.471508],[44.651452,54.485566],[44.687659,54.484424],[44.700698,54.494338],[44.741797,54.505602],[44.769772,54.520891],[44.806583,54.501412],[44.804176,54.488858],[44.844933,54.479833],[44.850685,54.489257],[44.907995,54.463531],[44.95879,54.479041],[44.965142,54.487611],[45.014308,54.484224],[45.02469,54.49439],[45.038416,54.480232],[45.099935,54.468519],[45.107319,54.479136],[45.139918,54.489457],[45.126884,54.51646],[45.141635,54.52816],[45.116405,54.532045],[45.10963,54.523827],[45.08818,54.530252],[45.101655,54.543398],[45.070591,54.559667],[45.035496,54.54653],[45.016883,54.547474],[45.011049,54.570761],[45.03018,54.582248],[45.047684,54.58165],[45.045703,54.597464],[45.030604,54.605512],[45.052058,54.621014],[45.036103,54.629858],[45.08741,54.652352],[45.071197,54.671654],[45.034551,54.691147],[45.018253,54.705283],[45.034551,54.742691],[45.073589,54.763587],[45.077714,54.773143],[45.111952,54.800055],[45.133563,54.786354],[45.158369,54.786553],[45.158715,54.7722],[45.189256,54.751461],[45.216108,54.779226],[45.209673,54.802924],[45.226577,54.802827],[45.227265,54.84573],[45.222378,54.860058],[45.230701,54.877285],[45.259011,54.878423],[45.283211,54.868448],[45.298144,54.878076],[45.371238,54.882172],[45.391494,54.87393],[45.426846,54.885528],[45.425473,54.905067],[45.43808,54.910789],[45.422639,54.920162],[45.432503,54.933619],[45.415256,54.947077],[45.445806,54.957524],[45.44683,54.982101],[45.437051,54.982688],[45.419462,55.004742],[45.43654,55.008186],[45.421346,55.024961],[45.422554,55.038037],[45.462445,55.071754],[45.46176,55.081775],[45.483294,55.084672],[45.486402,55.112268],[45.509145,55.110302],[45.527845,55.098275],[45.569781,55.101517],[45.550225,55.13174],[45.592266,55.130072],[45.584289,55.142435],[45.593126,55.16577],[45.61475,55.162241],[45.640229,55.177921],[45.690082,55.18091],[45.703121,55.190268],[45.72766,55.184632],[45.749196,55.168957],[45.73461,55.165426],[45.736751,55.147678],[45.76138,55.155669],[45.777603,55.144053],[45.783599,55.116384],[45.75589,55.114472],[45.748947,55.090859],[45.73384,55.093314],[45.718997,55.08035],[45.752112,55.067922],[45.74328,55.057063],[45.717695,55.047711],[45.73417,55.04171],[45.698321,55.011776],[45.722519,54.991403],[45.807111,55.005869],[45.809006,54.997754],[45.829161,55.009269],[45.904168,55.004454],[45.898507,54.998448],[45.923738,54.993674],[45.927419,55.003075],[45.944325,54.997515],[45.97341,55.001105],[45.998884,55.025024],[46.034488,55.027136],[46.061001,55.047639],[46.040972,55.053873],[46.067971,55.064899],[46.077993,55.082189],[46.032038,55.094169],[46.043663,55.114262],[46.028377,55.149342],[46.013467,55.149717],[46.011838,55.163123],[46.044538,55.166256],[46.056564,55.189685],[46.074605,55.200585],[46.079679,55.220505],[46.105613,55.230529],[46.12497,55.223764],[46.173581,55.236669],[46.163557,55.24619],[46.182287,55.263606],[46.221752,55.271374],[46.229394,55.287286],[46.199877,55.337738],[46.236098,55.347988],[46.214155,55.371729],[46.245024,55.386035],[46.256641,55.399179],[46.332228,55.413427],[46.378577,55.417811],[46.38922,55.427651],[46.384585,55.451703],[46.394891,55.462952],[46.345658,55.484469],[46.32416,55.477979],[46.308803,55.500014],[46.291894,55.508812],[46.28005,55.499139],[46.250696,55.502979],[46.237134,55.521447],[46.214334,55.520674],[46.228756,55.532221],[46.206392,55.543998],[46.18572,55.542244],[46.19825,55.521697],[46.151812,55.526688],[46.133022,55.51547],[46.107867,55.530672],[46.10856,55.541752],[46.092166,55.549764],[46.11675,55.555302],[46.082124,55.57282],[46.098174,55.575732],[46.080751,55.595669],[46.062848,55.600327],[46.06508,55.614096],[46.041562,55.629508],[46.014439,55.633772],[45.960194,55.630865],[45.952126,55.653825],[45.93913,55.665878],[45.916555,55.668798],[45.914065,55.695883],[45.953328,55.712665],[45.933783,55.72984],[45.952936,55.75773],[45.992459,55.749566],[46.032636,55.785416],[46.067654,55.78252],[46.100442,55.798637],[46.111353,55.831387],[46.073492,55.867697],[46.12001,55.878293],[46.142623,55.889017],[46.168537,55.886183],[46.150682,55.900137],[46.125517,55.901897],[46.145996,55.913638],[46.134376,55.92199],[46.102214,55.926968],[46.080268,55.948898],[46.180124,56.010566],[46.185308,56.031569],[46.13582,56.029873],[46.155905,56.049051],[46.086554,56.039751],[46.109213,56.071766],[46.081232,56.067837],[46.054453,56.073778],[46.056341,56.098967],[46.044256,56.104603],[46.047044,56.121547],[46.06917,56.124006],[46.110839,56.150104],[46.080179,56.153401],[46.094822,56.170396],[46.076757,56.174244],[46.042232,56.158424],[46.025664,56.168044],[45.996376,56.171785],[45.963529,56.162499],[45.938073,56.187445],[45.936375,56.208115],[45.917684,56.219199],[45.897548,56.219832],[45.899462,56.237331],[45.887131,56.234528],[45.8665,56.258791],[45.92044,56.256409],[45.926267,56.296612],[45.923133,56.313684],[45.970041,56.318456],[45.945594,56.364507],[45.934263,56.373806],[45.952968,56.403843],[45.974452,56.412608],[45.963762,56.428534],[45.916196,56.426503],[45.89578,56.434306],[45.800968,56.425005],[45.757037,56.40865],[45.765588,56.420194],[45.768473,56.446275],[45.751156,56.455361],[45.687663,56.452901],[45.661902,56.460918],[45.648753,56.491061],[45.627695,56.507308],[45.62887,56.517783],[45.652172,56.517356],[45.656875,56.536062],[45.644155,56.53403],[45.625555,56.552308],[45.627051,56.568021],[45.645435,56.583093],[45.66978,56.614284],[45.717073,56.615134],[45.745056,56.607893],[45.750614,56.623178],[45.886151,56.626066],[45.886363,56.647338],[45.950749,56.649393],[45.925907,56.679297],[45.899815,56.678731],[45.89827,56.692968],[45.920138,56.698752],[45.90186,56.706662],[45.890717,56.696738],[45.865013,56.690408],[45.861989,56.706302],[45.882191,56.719382],[45.878556,56.737553],[45.894697,56.726543],[45.918534,56.722482],[45.941509,56.859195],[45.978172,56.858447],[45.978706,56.869991],[46.091476,56.862831],[46.143958,56.878652],[46.207344,56.882714],[46.239731,56.898962],[46.273081,56.902918],[46.303545,56.887419],[46.314766,56.945247],[46.447952,56.938835],[46.464093,56.930498],[46.481516,56.937874],[46.514011,56.933599],[46.505353,56.913076],[46.53881,56.913397],[46.546719,56.932744],[46.59311,56.929966],[46.606471,56.923338],[46.624214,56.939052],[46.67317,56.942033],[46.6814,56.951772],[46.677658,56.971333],[46.717635,56.971548],[46.721544,56.963392],[46.764653,56.967786],[46.790524,56.996727],[46.748523,57.000955],[46.75445,57.03284],[46.788681,57.03652],[46.797405,57.042915],[46.813988,57.077163],[46.813075,57.090514],[46.781813,57.086243],[46.767052,57.096526],[46.769746,57.117257],[46.802778,57.123439],[46.786578,57.134795],[46.773933,57.128327],[46.749178,57.161911],[46.776211,57.167923],[46.779901,57.182228],[46.838155,57.177129],[46.847541,57.211459],[46.856562,57.221494],[46.825837,57.230327],[46.807097,57.223859],[46.796316,57.249524],[46.809749,57.260097],[46.79818,57.290529],[46.755225,57.292104],[46.748592,57.279292],[46.717703,57.285511],[46.715255,57.313207],[46.68254,57.343308],[46.70298,57.347496],[46.720891,57.361179],[46.761026,57.366569],[46.771638,57.409316],[46.725948,57.404257],[46.709008,57.381615],[46.684735,57.395011],[46.687803,57.406496],[46.710647,57.422127],[46.730881,57.416737],[46.741702,57.430295],[46.769159,57.422097],[46.776903,57.435603],[46.821639,57.446632],[46.822551,57.459361],[46.80439,57.471634],[46.773542,57.470265],[46.771012,57.498832],[46.752933,57.521511],[46.800987,57.522134],[46.840045,57.506171],[46.862269,57.505301],[46.902445,57.515709],[46.941295,57.495144],[46.982674,57.496015],[47.021939,57.487807],[47.086286,57.505387],[47.13405,57.509617],[47.178579,57.530431],[47.203332,57.531095],[47.236707,57.554687],[47.293717,57.561322],[47.314851,57.547986],[47.338247,57.560286],[47.350354,57.550709],[47.368887,57.556016],[47.377968,57.546853],[47.375067,57.520732],[47.481365,57.515179],[47.4941,57.578697],[47.529177,57.573888],[47.536597,57.605565],[47.52221,57.609711],[47.516736,57.627954],[47.556497,57.652749],[47.535192,57.689273],[47.563998,57.714817],[47.605583,57.741104],[47.593931,57.762664],[47.599652,57.784929],[47.563994,57.790857],[47.579293,57.809888],[47.603838,57.817642],[47.628423,57.845463],[47.617145,57.859228],[47.657445,57.864702],[47.726188,57.879463],[47.770129,57.879952],[47.771781,57.888717],[47.738426,57.909956],[47.73261,57.933815],[47.633861,57.952999],[47.598669,57.953477],[47.563651,57.967771],[47.560058,57.961571],[47.484683,57.971676],[47.456502,57.980847],[47.438997,57.976656],[47.410783,57.980791],[47.417182,58.006856],[47.296928,58.0157],[47.120798,58.020341],[46.847192,58.025271],[46.585195,58.027796],[46.56123,58.03671],[46.492278,58.040772],[46.4849,58.016102],[46.436307,58.004617],[46.416737,58.014236],[46.402887,58.031152],[46.346664,58.055199],[46.34493,58.062218],[46.064194,58.058746],[46.063617,58.056869],[45.922555,58.057032],[45.903391,58.042639],[45.842632,58.050935],[45.808877,58.041255],[45.795864,58.021653],[45.747791,58.028677],[45.749503,58.014169],[45.733398,58.011973],[45.749834,57.99462],[45.742835,57.966831],[45.713798,57.954467],[45.709,57.941291],[45.673213,57.924128],[45.612942,57.919409],[45.589841,57.940394],[45.557957,57.936896],[45.534206,57.947063],[45.50785,57.976342],[45.50891,58.028511],[45.293524,58.032057],[45.294337,58.051415],[45.221458,58.052715],[45.223571,58.088666],[45.009464,58.091175],[45.007842,58.076179],[44.971645,58.075262],[44.95076,58.085157],[44.869006,58.076712],[44.849901,58.061683],[44.855611,58.037684],[44.829749,58.018811],[44.813206,58.014384],[44.816935,57.98223],[44.826373,57.968949],[44.800976,57.959861],[44.842803,57.906039],[44.873559,57.894506],[44.880783,57.881924],[44.863892,57.854546],[44.855855,57.829265],[44.834768,57.819712],[44.83011,57.793732],[44.776754,57.757966],[44.761027,57.753422],[44.760097,57.719287],[44.766505,57.712414],[44.739011,57.697385],[44.710585,57.690627],[44.67913,57.698199],[44.633695,57.694471],[44.597113,57.700878],[44.56694,57.685965],[44.561815,57.675014],[44.500886,57.655674],[44.50974,57.64717],[44.493081,57.629927],[44.502869,57.612103],[44.472463,57.591482],[44.447998,57.582977],[44.451494,57.57191],[44.424815,57.56923],[44.365285,57.528337],[44.349674,57.527987],[44.31321,57.513657],[44.245756,57.51785],[44.226978,57.491356],[44.195779,57.482783],[44.178188,57.471599],[44.14883,57.473695],[44.122268,57.457501],[44.061572,57.445501],[44.031282,57.44352],[44.01707,57.432568],[43.9453,57.431819],[43.91501,57.42091],[43.879908,57.42716],[43.853393,57.417485],[43.82231,57.432854],[43.74751,57.45636],[43.714455,57.481092],[43.674054,57.488607],[43.659094,57.500162],[43.649508,57.531335],[43.630696,57.54719],[43.551419,57.554983],[43.536189,57.572719],[43.511466,57.567344],[43.528127,57.57872],[43.518272,57.605414],[43.496505,57.604608],[43.467661,57.59135],[43.451359,57.570926],[43.419202,57.549875],[43.361039,57.527611],[43.357216,57.50831],[43.339301,57.494514],[43.305531,57.479644],[43.304617,57.428877],[43.324612,57.418904],[43.310942,57.405349],[43.225935,57.336457],[43.203062,57.315011],[43.196526,57.276124],[43.184381,57.255553],[43.136787,57.227748],[43.101808,57.198735],[43.086767,57.166766],[43.086668,57.136286],[43.099189,57.096033],[43.127419,57.054379],[43.151622,57.02938],[43.214734,56.978615],[43.23071,56.952499],[43.250795,56.895032],[43.285637,56.858406],[43.300596,56.820831],[43.272947,56.813358],[43.270058,56.797537],[43.249595,56.8085],[43.236515,56.851282],[43.198231,56.860434],[43.181248,56.855121],[43.173024,56.870686],[43.152336,56.879027],[43.140145,56.85318],[43.11676,56.834262],[43.084443,56.824191],[43.046145,56.826432],[43.027463,56.820827],[42.983092,56.827926],[42.922937,56.809616],[42.905376,56.799154],[42.890917,56.809883],[42.870814,56.809429],[42.832164,56.773185],[42.832322,56.744479],[42.824681,56.717636],[42.802596,56.707983],[42.797447,56.691727],[42.827591,56.668003],[42.822979,56.654869],[42.859146,56.636619],[42.898378,56.645773],[42.927336,56.634938],[42.913325,56.620179],[42.924127,56.601803],[42.913446,56.592371],[42.92491,56.569364],[42.902305,56.567869],[42.853172,56.552922],[42.843133,56.530356],[42.821133,56.515931],[42.868773,56.509206],[42.902709,56.511607],[42.887011,56.489771],[42.897287,56.470342],[42.793414,56.467912],[42.651056,56.46847],[42.655302,56.449928],[42.679765,56.452573],[42.677119,56.440716],[42.644559,56.428873],[42.614748,56.430057],[42.614182,56.406734],[42.635422,56.405681],[42.64675,56.39029],[42.673948,56.388161],[42.725957,56.36644],[42.732761,56.350955],[42.773942,56.331789],[42.774688,56.303914],[42.794772,56.284807],[42.744215,56.265555],[42.741779,56.249094],[42.76364,56.246047],[42.784438,56.218047],[42.757401,56.210617],[42.763367,56.192849],[42.788201,56.207921],[42.80024,56.202139],[42.832058,56.208992],[42.823445,56.195343],[42.806581,56.197564],[42.833521,56.179893],[42.840645,56.189545],[42.89489,56.185386],[42.903545,56.209389],[42.923744,56.193678],[42.903013,56.189919],[42.92163,56.181934],[42.942883,56.190469],[42.943966,56.174048],[42.966181,56.164211],[42.96122,56.140375],[42.931039,56.143072],[42.926038,56.136538],[42.871771,56.138158],[42.848324,56.13317],[42.803773,56.114997],[42.775515,56.117373],[42.74008,56.10124],[42.716474,56.10441],[42.678957,56.083946],[42.688223,56.08365],[42.680652,56.048237],[42.711927,56.046537],[42.70487,56.011126],[42.719076,56.009528],[42.716769,55.968332],[42.688358,55.984135],[42.667076,55.976181],[42.653378,55.955191],[42.60881,55.932994],[42.590342,55.936013],[42.570988,55.926779],[42.576799,55.946097],[42.555538,55.95845],[42.531744,55.95661],[42.522778,55.933777],[42.502894,55.914379],[42.506266,55.88505],[42.492061,55.868713],[42.450867,55.840657],[42.410994,55.821301],[42.393333,55.788542],[42.350174,55.788301],[42.363013,55.778011],[42.295724,55.773173],[42.255492,55.756079],[42.248126,55.731104],[42.218082,55.725598],[42.199227,55.713067],[42.188331,55.67704],[42.17168,55.674412],[42.136665,55.681753],[42.124879,55.668345],[42.142695,55.639853],[42.134566,55.617994],[42.082847,55.621835],[42.064176,55.612244],[42.06483,55.587369],[42.103603,55.528165],[42.085064,55.504279],[42.094265,55.488752],[42.155906,55.466584],[42.166871,55.443995],[42.136006,55.431279],[42.086916,55.402262],[42.068568,55.419689],[42.030788,55.393279],[42.016668,55.377439],[42.016448,55.361525],[42.004222,55.327471],[41.979674,55.328155],[41.961732,55.348],[41.946544,55.34757],[41.940843,55.334855],[41.966972,55.320146],[41.972521,55.286605],[41.959747,55.275906],[41.920645,55.264434],[41.911839,55.256944],[41.894756,55.264397],[41.880087,55.248403],[41.860527,55.241109],[41.879125,55.233631],[41.873888,55.222977],[41.908336,55.210282],[41.866488,55.194006],[41.868451,55.179944],[41.882679,55.177431],[41.873446,55.164735],[41.822129,55.166599],[41.805172,55.151771],[41.814228,55.148575],[41.783953,55.129753],[41.795935,55.103672]]]}},{"type":"Feature","properties":{"name":"Саратов","cartodb_id":64,"created_at":"2013-12-04T04:23:51+0100","updated_at":"2013-12-04T08:09:48+0100","name_latin":"Saratov Oblast"},"geometry":{"type":"Polygon","coordinates":[[[43.039706,52.370635],[43.032022,52.358105],[42.988102,52.348922],[42.918202,52.360338],[42.941326,52.3358],[42.92259,52.290899],[42.89502,52.259393],[42.887111,52.239204],[42.888997,52.213045],[42.85259,52.210761],[42.84362,52.200376],[42.823214,52.200806],[42.790335,52.183798],[42.771364,52.183776],[42.775005,52.168904],[42.767203,52.155121],[42.760329,52.111908],[42.761829,52.082103],[42.785914,52.071813],[42.77705,52.062591],[42.77699,52.041668],[42.791586,52.039823],[42.797904,52.024283],[42.820193,52.022105],[42.810973,52.014429],[42.762415,52.017934],[42.72749,52.006383],[42.727406,51.992303],[42.715504,51.987425],[42.724336,51.965108],[42.708677,51.948355],[42.712606,51.88562],[42.682054,51.84889],[42.665625,51.809889],[42.649988,51.790984],[42.523268,51.721259],[42.515436,51.712054],[42.50393,51.659493],[42.517694,51.625964],[42.520795,51.596072],[42.534912,51.577671],[42.546505,51.578481],[42.568272,51.538178],[42.630981,51.53074],[42.752124,51.494893],[42.767992,51.472282],[42.834455,51.391738],[42.849233,51.401642],[42.85907,51.397253],[42.853608,51.358419],[42.843463,51.338709],[42.858106,51.316673],[42.904514,51.286697],[42.947337,51.26722],[42.941504,51.256251],[42.880894,51.233025],[42.949355,51.201463],[43.11589,51.133724],[43.13836,51.122649],[43.182935,51.113982],[43.262745,51.061529],[43.324206,51.013014],[43.357075,50.998832],[43.380939,51.005699],[43.421123,51.034178],[43.433055,51.027537],[43.511849,51.050501],[43.527157,51.048362],[43.561489,51.060632],[43.652666,51.053429],[43.681932,51.064236],[43.687672,51.084948],[43.674501,51.098005],[43.679904,51.109824],[43.661218,51.114101],[43.673713,51.121531],[43.694087,51.108361],[43.737424,51.113652],[43.753295,51.121307],[43.805638,51.117818],[43.848525,51.099921],[43.882294,51.110953],[43.916286,51.160594],[43.958723,51.147087],[43.975157,51.155304],[44.019169,51.159132],[44.018499,51.072218],[44.050803,51.072233],[44.058569,51.102738],[44.098979,51.099924],[44.116988,51.124914],[44.140289,51.119061],[44.129821,51.106453],[44.184978,51.093284],[44.215256,51.12863],[44.208052,51.150017],[44.215368,51.16465],[44.210865,51.18176],[44.228199,51.198982],[44.282567,51.195606],[44.282793,51.1848],[44.300465,51.185813],[44.314986,51.177034],[44.350331,51.175571],[44.374645,51.189079],[44.401547,51.188516],[44.423273,51.179174],[44.450963,51.191444],[44.455127,51.210805],[44.499365,51.205177],[44.516588,51.179513],[44.548107,51.153061],[44.571332,51.123383],[44.593444,51.11936],[44.627127,51.126046],[44.615644,51.166682],[44.643897,51.178614],[44.741829,51.152275],[44.789676,51.148431],[44.809757,51.160282],[44.834476,51.15899],[44.863315,51.170724],[44.896617,51.162866],[44.894917,51.118058],[44.939155,51.106577],[44.953562,51.122449],[44.981703,51.120536],[44.993972,51.146763],[45.03292,51.127966],[45.044514,51.132693],[45.06849,51.119186],[45.077528,51.099738],[45.074757,51.087625],[45.094824,51.077452],[45.1483,51.064931],[45.188598,51.044445],[45.220229,51.039943],[45.202219,51.020469],[45.201207,50.997394],[45.218205,50.980397],[45.203797,50.967902],[45.217385,50.94954],[45.24736,50.942688],[45.250625,50.933458],[45.22541,50.936047],[45.24646,50.917924],[45.267397,50.925692],[45.304881,50.913985],[45.30173,50.905768],[45.321317,50.877965],[45.326157,50.860856],[45.312539,50.808626],[45.285525,50.769115],[45.27866,50.718574],[45.209948,50.701555],[45.194154,50.715512],[45.18518,50.710334],[45.202444,50.69696],[45.234198,50.698987],[45.206509,50.662741],[45.218553,50.659027],[45.200994,50.634601],[45.192553,50.585635],[45.385037,50.589915],[45.402934,50.613329],[45.427136,50.60635],[45.489946,50.603874],[45.496701,50.585302],[45.533826,50.551134],[45.552646,50.556486],[45.559737,50.571457],[45.553433,50.586653],[45.606113,50.590594],[45.633353,50.578887],[45.684345,50.575624],[45.705741,50.582496],[45.702129,50.605341],[45.678601,50.667025],[45.685917,50.691564],[45.715632,50.737716],[45.744223,50.757302],[45.842266,50.756178],[45.893032,50.749988],[45.952805,50.713068],[45.966426,50.700573],[45.983085,50.699448],[45.987475,50.688529],[46.03554,50.687179],[46.034078,50.665117],[46.091598,50.665005],[46.091149,50.617278],[46.065053,50.607239],[46.06719,50.531507],[46.06146,50.526166],[46.278413,50.527697],[46.275643,50.57293],[46.344307,50.573606],[46.345208,50.555483],[46.387419,50.555709],[46.414542,50.549634],[46.465426,50.545692],[46.495777,50.553459],[46.454607,50.556361],[46.442723,50.585304],[46.460578,50.597562],[46.45836,50.617155],[46.492468,50.634456],[46.49785,50.625068],[46.527074,50.623485],[46.519471,50.641973],[46.538285,50.644435],[46.548105,50.613879],[46.553923,50.622115],[46.56871,50.61463],[46.56808,50.690451],[46.583388,50.712288],[46.611867,50.686174],[46.646424,50.682572],[46.679968,50.689326],[46.686947,50.697544],[46.727447,50.703916],[46.742104,50.65871],[46.775424,50.642726],[46.856582,50.641039],[46.853431,50.626405],[46.812983,50.60653],[46.814034,50.591789],[46.803181,50.575686],[46.870767,50.577215],[46.870769,50.523747],[46.915051,50.522865],[46.911452,50.489874],[47.038641,50.489146],[47.038152,50.509679],[47.205309,50.509006],[47.204637,50.430211],[47.23683,50.429536],[47.235211,50.371022],[47.272091,50.371398],[47.272176,50.379065],[47.430817,50.376814],[47.4416,50.3928],[47.4682,50.4174],[47.5059,50.438],[47.5337,50.4575],[47.582,50.466],[47.6335,50.4541],[47.6248,50.4491],[47.6514,50.4222],[47.6725,50.422],[47.662,50.4097],[47.6934,50.3934],[47.7214,50.3911],[47.7474,50.3779],[47.7424,50.3638],[47.7665,50.3442],[47.7871,50.3354],[47.8303,50.33],[47.821,50.3159],[47.8486,50.307],[47.8701,50.2904],[47.8843,50.2711],[47.9184,50.2541],[47.9503,50.2253],[47.9679,50.1937],[47.9843,50.1869],[48.0063,50.1676],[48.0102,50.1498],[48.0477,50.1282],[48.05,50.1174],[48.0731,50.1045],[48.0958,50.099],[48.1185,50.0483],[48.1227,50.024],[48.1339,50],[48.1698,49.9586],[48.2107,49.9263],[48.2319,49.8971],[48.2278,49.8708],[48.2895,49.8625],[48.3098,49.8738],[48.3304,49.8527],[48.3445,49.8485],[48.3566,49.8308],[48.3798,49.8394],[48.4259,49.809],[48.4443,49.8031],[48.451,49.8349],[48.5262,49.859],[48.699,49.91],[48.7485,49.9227],[48.7782,49.944],[48.9016,50.0228],[48.8801,50.0349],[48.8682,50.0508],[48.8616,50.075],[48.8441,50.0918],[48.827,50.0988],[48.7904,50.1042],[48.7598,50.1009],[48.8084,50.1684],[48.7913,50.2059],[48.7315,50.2542],[48.7053,50.3624],[48.6726,50.4569],[48.6668,50.5172],[48.644,50.5221],[48.6457,50.5438],[48.6594,50.581],[48.6444,50.5987],[48.651,50.6068],[48.5968,50.6165],[48.5693,50.6294],[48.602,50.6544],[48.6245,50.6575],[48.6433,50.6489],[48.6857,50.6192],[48.7202,50.6071],[48.7552,50.6152],[48.7893,50.6113],[48.8295,50.5968],[48.8765,50.6192],[48.9501,50.6504],[48.9949,50.6816],[49.0094,50.6863],[49.1092,50.7723],[49.1213,50.788],[49.2032,50.7973],[49.2716,50.8289],[49.4198,50.8517],[49.4399,50.8888],[49.438,50.9032],[49.3972,50.9728],[49.3826,50.9833],[49.3382,50.9908],[49.3918,51.0482],[49.3888,51.094],[49.4287,51.0937],[49.4423,51.1156],[49.4576,51.1282],[49.4855,51.1026],[49.5523,51.1141],[49.5937,51.1145],[49.6866,51.1111],[49.7809,51.1113],[49.844,51.1569],[49.8989,51.1925],[49.9072,51.2034],[49.9894,51.2401],[50.0478,51.2558],[50.085,51.2597],[50.2507,51.2859],[50.3604,51.3318],[50.3718,51.3407],[50.3382,51.3819],[50.4025,51.4047],[50.3749,51.4288],[50.4971,51.4312],[50.5053,51.4681],[50.537,51.4682],[50.5498,51.4782],[50.5307,51.5248],[50.5401,51.5896],[50.5516,51.5949],[50.569,51.587],[50.5877,51.5933],[50.5886,51.6447],[50.6305,51.6465],[50.6439,51.6322],[50.7289,51.6306],[50.7261,51.609],[50.6786,51.5873],[50.683,51.5748],[50.7667,51.5768],[50.7695,51.5865],[50.8157,51.5885],[50.8169,51.647],[50.84,51.6488],[50.7805,51.6963],[50.763,51.7287],[50.768482,51.773511],[50.719096,51.788057],[50.717552,51.819543],[50.701438,51.819657],[50.70172,51.932973],[50.649376,51.933258],[50.649261,51.958687],[50.597203,51.963487],[50.521259,51.963828],[50.520058,51.993772],[50.406228,51.99297],[50.3964,51.980227],[50.352399,51.981541],[50.352111,52.044856],[50.308682,52.044798],[50.30634,52.014855],[50.281083,52.01314],[50.215367,52.036168],[50.183595,52.030853],[50.181938,52.01811],[50.156395,52.009824],[50.160395,52.02011],[50.159593,52.090682],[50.224736,52.090626],[50.223421,52.129312],[50.163706,52.130569],[50.163705,52.139997],[50.045132,52.139653],[50.039759,52.190111],[49.984901,52.18851],[49.985816,52.171653],[49.798156,52.172336],[49.750267,52.239022],[49.734438,52.251936],[49.733409,52.272851],[49.721009,52.262793],[49.71598,52.275308],[49.70198,52.265764],[49.703409,52.24645],[49.680266,52.251707],[49.669295,52.244964],[49.676038,52.228792],[49.659866,52.230621],[49.624494,52.24782],[49.627293,52.267421],[49.65935,52.282221],[49.601005,52.321707],[49.637919,52.34005],[49.573917,52.389079],[49.570031,52.395936],[49.547402,52.388107],[49.520202,52.395764],[49.52066,52.364506],[49.507461,52.322905],[49.450203,52.320162],[49.449288,52.355191],[49.428773,52.362048],[49.434658,52.39862],[49.391685,52.403762],[49.385914,52.395705],[49.345742,52.397876],[49.329,52.371589],[49.286427,52.385932],[49.310256,52.400847],[49.325569,52.435076],[49.320768,52.45359],[49.347969,52.453534],[49.35214,52.464734],[49.279167,52.479133],[49.258082,52.496366],[49.17145,52.49976],[49.169306,52.472409],[49.152278,52.479347],[49.118715,52.480262],[49.108274,52.494801],[49.037628,52.480623],[48.960312,52.492513],[48.956569,52.471993],[48.91233,52.468457],[48.923149,52.407633],[48.882121,52.40757],[48.87722,52.431127],[48.834615,52.541915],[48.818029,52.544167],[48.7272,52.542621],[48.717113,52.566309],[48.693213,52.639141],[48.635552,52.640738],[48.635226,52.630664],[48.574395,52.627327],[48.562456,52.654564],[48.551074,52.656716],[48.533475,52.674737],[48.522155,52.665387],[48.515914,52.67827],[48.480283,52.670513],[48.463958,52.680546],[48.434238,52.6673],[48.349461,52.662993],[48.348317,52.673311],[48.309744,52.683711],[48.349543,52.705685],[48.362917,52.727508],[48.375575,52.768162],[48.428632,52.814407],[48.383436,52.814898],[48.34481,52.78718],[48.30678,52.779779],[48.280956,52.795645],[48.268826,52.810423],[48.230527,52.813229],[48.19549,52.769032],[48.115787,52.794915],[48.088773,52.793553],[48.067795,52.774197],[48.070866,52.765292],[48.041486,52.769734],[48.017933,52.765502],[47.99333,52.744964],[47.991287,52.731816],[48.092152,52.732734],[48.064964,52.704312],[48.063442,52.676318],[48.042756,52.678249],[47.999054,52.659682],[47.977949,52.665549],[47.974351,52.656869],[47.951717,52.655768],[47.933741,52.646579],[47.906548,52.678278],[47.907311,52.706928],[47.8957,52.707995],[47.897102,52.724596],[47.833887,52.736098],[47.812411,52.736339],[47.802695,52.700814],[47.828939,52.703276],[47.786076,52.675448],[47.763173,52.677789],[47.769558,52.648758],[47.752544,52.619705],[47.772851,52.601747],[47.756634,52.589217],[47.7591,52.580584],[47.738159,52.581028],[47.722415,52.570621],[47.679419,52.597673],[47.648563,52.59098],[47.645691,52.604255],[47.540305,52.610497],[47.495989,52.621203],[47.490948,52.603563],[47.511653,52.590091],[47.442631,52.563272],[47.424835,52.561866],[47.380715,52.57369],[47.245741,52.556083],[47.230865,52.570448],[47.20611,52.547227],[47.156274,52.558028],[47.166024,52.586922],[47.163278,52.595878],[47.148724,52.5824],[47.063957,52.577196],[47.067637,52.560035],[47.062545,52.537086],[47.04217,52.53953],[47.050478,52.573086],[47.036927,52.583528],[47.006543,52.574224],[46.986556,52.585408],[46.993996,52.601513],[46.990669,52.623156],[46.980435,52.638251],[46.954585,52.633864],[46.932318,52.620723],[46.865045,52.614356],[46.83619,52.61765],[46.831303,52.598039],[46.802044,52.613041],[46.801859,52.621141],[46.743722,52.611189],[46.702319,52.635175],[46.680429,52.64265],[46.659886,52.664758],[46.609288,52.662354],[46.597012,52.694029],[46.593834,52.721665],[46.577626,52.725591],[46.571619,52.702207],[46.539042,52.688495],[46.522894,52.694115],[46.489002,52.681361],[46.45509,52.678501],[46.432712,52.684914],[46.436128,52.669456],[46.417894,52.664397],[46.412709,52.675961],[46.37749,52.675505],[46.325899,52.680843],[46.289592,52.668342],[46.261472,52.650081],[46.261215,52.626334],[46.268342,52.610239],[46.210562,52.614092],[46.198966,52.601671],[46.178785,52.599827],[46.166902,52.607934],[46.140672,52.587105],[46.140302,52.549581],[46.125701,52.546721],[46.136282,52.526805],[46.119078,52.523341],[46.122478,52.544849],[46.084433,52.555158],[46.081744,52.538846],[46.065976,52.528585],[46.054819,52.533722],[46.028676,52.514732],[46.004107,52.510991],[45.983535,52.474385],[46.012701,52.454175],[45.996931,52.447368],[45.977432,52.423126],[45.960923,52.418503],[45.961039,52.396793],[45.914225,52.405492],[45.908432,52.415284],[45.850129,52.412961],[45.835325,52.431397],[45.823238,52.420537],[45.794148,52.41629],[45.766139,52.427567],[45.770688,52.457491],[45.732676,52.45693],[45.698533,52.440915],[45.700307,52.471891],[45.667805,52.474003],[45.654974,52.485144],[45.652083,52.508327],[45.640552,52.507726],[45.62145,52.477667],[45.589871,52.469449],[45.600943,52.452551],[45.583588,52.453142],[45.576436,52.464282],[45.552133,52.465001],[45.524166,52.47653],[45.524668,52.459737],[45.513653,52.425543],[45.4927,52.426717],[45.489449,52.413239],[45.468635,52.426798],[45.448791,52.424964],[45.442501,52.400184],[45.429318,52.38629],[45.409938,52.402415],[45.384038,52.410578],[45.359899,52.386716],[45.352976,52.396469],[45.317327,52.396867],[45.299771,52.391998],[45.295126,52.376046],[45.267626,52.390862],[45.243229,52.385016],[45.233534,52.375677],[45.207339,52.384094],[45.19833,52.404832],[45.17267,52.409204],[45.174283,52.418244],[45.148294,52.418508],[45.093912,52.400002],[45.088551,52.379492],[45.068893,52.38028],[45.061078,52.36153],[45.085446,52.338755],[45.088581,52.313289],[45.059969,52.306116],[45.027721,52.316085],[44.983033,52.33875],[44.98313,52.365641],[44.95333,52.365614],[44.952157,52.356257],[44.892952,52.356528],[44.8917,52.416733],[44.8751,52.424649],[44.853116,52.447721],[44.79549,52.438479],[44.783179,52.45117],[44.682972,52.463814],[44.665932,52.460764],[44.613324,52.480727],[44.620977,52.489249],[44.591168,52.509917],[44.570131,52.505648],[44.532591,52.532595],[44.507483,52.523551],[44.503006,52.505867],[44.520512,52.502196],[44.506254,52.485864],[44.520031,52.481625],[44.535785,52.450395],[44.506151,52.440331],[44.497208,52.425548],[44.47943,52.429486],[44.461003,52.413593],[44.466022,52.428167],[44.448574,52.431995],[44.425629,52.42633],[44.401212,52.429344],[44.39803,52.413792],[44.381569,52.413844],[44.374613,52.396503],[44.372671,52.366274],[44.35696,52.3482],[44.356178,52.335326],[44.3389,52.337068],[44.314552,52.306192],[44.334083,52.308371],[44.347376,52.29285],[44.332756,52.294122],[44.321377,52.278928],[44.258845,52.314328],[44.218318,52.321992],[44.196805,52.347351],[44.177899,52.33266],[44.156717,52.306612],[44.114037,52.330932],[44.095208,52.32651],[44.064811,52.352987],[44.028928,52.330323],[44.001124,52.350691],[43.997444,52.34338],[43.965897,52.360544],[43.938736,52.380685],[43.891909,52.405085],[43.864351,52.380937],[43.797414,52.418835],[43.755197,52.425884],[43.747019,52.432056],[43.709458,52.418702],[43.669829,52.393654],[43.597952,52.400061],[43.584709,52.397404],[43.56725,52.407008],[43.543858,52.398231],[43.510974,52.401945],[43.488266,52.379427],[43.461067,52.375678],[43.414062,52.382003],[43.374095,52.371165],[43.366971,52.353769],[43.336238,52.373748],[43.321052,52.403211],[43.322433,52.420056],[43.283355,52.440201],[43.245243,52.426943],[43.240315,52.436983],[43.178883,52.452091],[43.157808,52.437517],[43.142162,52.438962],[43.117153,52.37877],[43.097226,52.382538],[43.087174,52.372175],[43.039706,52.370635]]]},"id":67},{"type":"Feature","properties":{"name":"Ижевск","cartodb_id":18,"created_at":"2013-12-04T04:23:51+0100","updated_at":"2013-12-04T08:13:59+0100","name_latin":"Udmurt Republic"},"geometry":{"type":"MultiPolygon","coordinates":[[[[53.842667,56.617525],[53.853217,56.599894],[53.957127,56.602785],[53.992823,56.616226],[54.044127,56.642096],[54.076377,56.640808],[54.095682,56.654968],[54.022272,56.656415],[54.013632,56.674432],[53.987186,56.64831],[53.981117,56.633568],[53.962474,56.628799],[53.945975,56.646311],[53.923308,56.649609],[53.889345,56.645707],[53.882409,56.625908],[53.842667,56.617525]]],[[[53.785599,58.455538],[53.636346,58.472183],[53.635767,58.456179],[53.620923,58.474256],[53.592068,58.418863],[53.596213,58.443574],[53.534021,58.441583],[53.529045,58.454187],[53.504666,58.454353],[53.488413,58.440007],[53.423485,58.429475],[53.434929,58.412891],[53.415194,58.399954],[53.383518,58.395144],[53.373651,58.384282],[53.213692,58.401361],[53.24802,58.443735],[53.160667,58.450482],[53.179509,58.500687],[53.146429,58.507052],[53.160052,58.542172],[53.098981,58.545842],[53.090581,58.522298],[53.03419,58.528306],[52.910892,58.536977],[52.892691,58.533618],[52.850254,58.396989],[52.843074,58.392879],[52.650824,58.408919],[52.662835,58.3987],[52.627675,58.411304],[52.327908,58.436177],[52.319755,58.431612],[52.296977,58.462546],[52.270856,58.471916],[52.218863,58.47432],[52.173006,58.489411],[52.08884,58.465777],[52.046715,58.472991],[51.964705,58.453088],[51.913875,58.425225],[51.875401,58.387247],[51.852763,58.373647],[51.817521,58.373978],[51.786873,58.36115],[51.803654,58.355204],[51.794519,58.339565],[51.825249,58.328881],[51.809821,58.321335],[51.820168,58.30829],[51.820346,58.285681],[51.77836,58.277338],[51.75733,58.261811],[51.72312,58.249386],[51.744018,58.222437],[51.719557,58.194616],[51.693395,58.180975],[51.685395,58.148137],[51.709028,58.137358],[51.747671,58.133378],[51.767157,58.151704],[51.790292,58.146398],[51.802152,58.119448],[51.830761,58.10021],[51.841791,58.061735],[51.806302,58.040008],[51.824628,58.017371],[51.864597,58.024669],[51.872226,58.01306],[51.897684,58.012314],[51.924883,58.000705],[51.897187,57.993573],[51.891882,57.948546],[51.88243,57.935859],[51.857554,57.922591],[51.824634,57.913884],[51.851087,57.886603],[51.834053,57.870933],[51.847274,57.857165],[51.820076,57.843814],[51.840144,57.835937],[51.866679,57.842571],[51.872235,57.828392],[51.927628,57.828973],[51.932853,57.803018],[51.923483,57.798955],[51.954249,57.766864],[51.919919,57.753762],[51.926222,57.741821],[51.901262,57.742319],[51.864777,57.729299],[51.884223,57.72051],[51.866105,57.712964],[51.883104,57.69754],[51.86992,57.690243],[51.860468,57.668932],[51.868429,57.65583],[51.847699,57.635348],[51.8511,57.619178],[51.815527,57.608315],[51.799648,57.588206],[51.824069,57.586714],[51.82445,57.598026],[51.846748,57.596499],[51.832307,57.571415],[51.767267,57.575104],[51.75566,57.538203],[51.705575,57.517389],[51.674811,57.515896],[51.651094,57.532066],[51.626881,57.531568],[51.62481,57.478995],[51.608343,57.476234],[51.590067,57.460752],[51.530113,57.458263],[51.400422,57.468212],[51.230846,57.449552],[51.216748,57.459005],[51.190214,57.444079],[51.165254,57.440762],[51.154146,57.375419],[51.134083,57.276492],[51.124165,57.243277],[51.179236,57.241956],[51.170697,57.202567],[51.208393,57.200064],[51.19425,57.140956],[51.240272,57.139464],[51.231483,57.128436],[51.243175,57.121802],[51.225015,57.111685],[51.219129,57.086311],[51.245831,57.069146],[51.216643,57.044933],[51.283106,57.04087],[51.27896,57.021549],[51.31213,57.019393],[51.306492,56.996175],[51.348599,56.965055],[51.343605,56.942575],[51.382734,56.937734],[51.422802,56.942899],[51.430318,56.93549],[51.420099,56.913836],[51.392154,56.908362],[51.427397,56.895925],[51.461892,56.898744],[51.476817,56.914997],[51.495807,56.887882],[51.536232,56.885229],[51.513325,56.879499],[51.513512,56.863586],[51.532916,56.855875],[51.493861,56.841612],[51.481506,56.822042],[51.483415,56.799073],[51.438058,56.773035],[51.391373,56.766567],[51.391374,56.748987],[51.40514,56.719467],[51.393202,56.666895],[51.27396,56.673527],[51.180423,56.684637],[51.147675,56.559343],[51.164757,56.545826],[51.159119,56.534383],[51.137559,56.529242],[51.127693,56.511828],[51.146122,56.510477],[51.137893,56.477996],[51.156551,56.475758],[51.19735,56.433924],[51.289808,56.427292],[51.299262,56.421902],[51.270282,56.392382],[51.265141,56.379529],[51.296321,56.367671],[51.278161,56.349677],[51.303618,56.351336],[51.286024,56.323433],[51.3458,56.320586],[51.344584,56.309378],[51.381235,56.303906],[51.377919,56.287902],[51.403791,56.286327],[51.391023,56.232478],[51.357483,56.198388],[51.378545,56.199425],[51.392599,56.216507],[51.406074,56.213522],[51.44455,56.225712],[51.468763,56.215098],[51.485928,56.219162],[51.498864,56.205728],[51.49131,56.19885],[51.446672,56.195386],[51.427512,56.163769],[51.440862,56.16153],[51.433732,56.146024],[51.444008,56.127376],[51.509884,56.121719],[51.53238,56.122968],[51.550112,56.138897],[51.574024,56.140989],[51.598465,56.126804],[51.64003,56.135744],[51.645638,56.110942],[51.635028,56.090631],[51.55981,56.081583],[51.546785,56.082977],[51.521653,56.069175],[51.489833,56.068076],[51.474682,56.047718],[51.43802,56.034941],[51.417707,56.042377],[51.397933,56.029644],[51.413689,55.991091],[51.409258,55.974761],[51.417425,55.960242],[51.456185,55.922552],[51.470138,55.954518],[51.490616,55.96021],[51.525675,55.953806],[51.556888,55.962509],[51.556819,55.97704],[51.589638,55.954596],[51.60178,55.95274],[51.619682,55.965075],[51.647675,55.971199],[51.675836,55.952894],[51.665684,55.944045],[51.708453,55.94135],[51.711647,55.973889],[51.742772,55.981557],[51.761958,55.968354],[51.757614,55.954091],[51.737503,55.961703],[51.711387,55.941683],[51.720575,55.932587],[51.748067,55.941209],[51.781854,55.93915],[51.76259,55.922068],[51.76996,55.890978],[51.78097,55.886564],[51.812961,55.927019],[51.842545,55.936216],[51.854731,55.946404],[51.884322,55.93559],[51.929855,55.951743],[51.941709,55.961396],[51.952489,55.989862],[51.979359,55.988097],[51.979726,55.976516],[52.023252,55.969476],[52.080038,55.925803],[52.055813,55.918285],[52.056168,55.907914],[52.088767,55.900923],[52.123099,55.905977],[52.156222,55.904398],[52.158165,55.921706],[52.188899,55.923855],[52.198673,55.936234],[52.179353,55.950341],[52.234172,55.947442],[52.24645,55.967358],[52.237303,55.978344],[52.209809,55.980011],[52.206527,56.020273],[52.21898,56.02117],[52.233787,56.040538],[52.258377,56.034022],[52.254252,56.049764],[52.236012,56.064693],[52.224067,56.086477],[52.211522,56.091916],[52.242984,56.098086],[52.267872,56.069554],[52.290685,56.059605],[52.319793,56.072618],[52.34035,56.060377],[52.353467,56.034136],[52.379718,56.019136],[52.415712,56.036019],[52.436406,56.027056],[52.447253,56.008992],[52.499403,56.032898],[52.427004,56.058084],[52.456877,56.07668],[52.45639,56.082527],[52.499964,56.056767],[52.531095,56.060764],[52.558678,56.035469],[52.61411,56.032784],[52.628875,56.015861],[52.668531,56.007757],[52.68173,55.993474],[52.699262,55.999127],[52.723577,55.988757],[52.756727,55.989558],[52.735892,56.006141],[52.747544,56.037911],[52.745429,56.057345],[52.756607,56.06278],[52.728629,56.08449],[52.744853,56.0958],[52.71344,56.102675],[52.724457,56.113917],[52.712548,56.130197],[52.747125,56.125027],[52.745329,56.10867],[52.763591,56.110176],[52.787868,56.100431],[52.811105,56.082712],[52.845043,56.080128],[52.869305,56.095332],[52.880856,56.118692],[52.87093,56.115299],[52.821581,56.118469],[52.837809,56.137656],[52.874704,56.150318],[52.882179,56.159847],[52.835969,56.167341],[52.827525,56.177577],[52.84695,56.187453],[52.75734,56.200357],[52.737629,56.221247],[52.665335,56.221115],[52.652181,56.229228],[52.626649,56.223272],[52.584101,56.222258],[52.55531,56.242863],[52.602532,56.279317],[52.620556,56.282559],[52.639879,56.270332],[52.658589,56.281619],[52.646999,56.293285],[52.677948,56.310971],[52.697375,56.331041],[52.722382,56.325878],[52.733103,56.361814],[52.762962,56.359201],[52.766035,56.374185],[52.748253,56.382961],[52.781037,56.379893],[52.777968,56.397833],[52.812366,56.397297],[52.8294,56.378934],[52.870576,56.389022],[52.872482,56.399519],[52.924081,56.400796],[52.938057,56.416641],[52.943366,56.436432],[52.963986,56.42843],[52.969235,56.459967],[52.952423,56.45699],[52.931649,56.464146],[52.935532,56.484669],[52.896021,56.483823],[52.889844,56.500476],[52.920685,56.500049],[52.935059,56.490724],[52.967203,56.520349],[52.945549,56.538455],[53.025507,56.531099],[53.033488,56.543349],[53.05412,56.540045],[53.036356,56.53203],[53.069569,56.533292],[53.093198,56.52073],[53.10649,56.528384],[53.144828,56.524698],[53.130582,56.517565],[53.129737,56.50367],[53.087018,56.511086],[53.098825,56.500869],[53.098269,56.476767],[53.087366,56.453921],[53.024051,56.446744],[53.006075,56.43261],[53.000433,56.392734],[52.98174,56.388401],[52.98911,56.36614],[52.963672,56.355202],[52.973163,56.344621],[52.95852,56.336327],[52.986722,56.326079],[52.945273,56.282013],[52.990802,56.28578],[52.99797,56.258809],[52.980404,56.281354],[52.96874,56.279893],[52.965534,56.256086],[52.974289,56.223665],[52.987318,56.210257],[53.009818,56.215781],[53.021486,56.202806],[53.003819,56.200097],[52.999291,56.177529],[53.042938,56.170669],[53.02636,56.196433],[53.050152,56.208909],[53.025171,56.217672],[53.041467,56.224384],[53.065107,56.21165],[53.048155,56.197086],[53.045933,56.183214],[53.06336,56.169992],[53.066614,56.177938],[53.08886,56.174949],[53.059643,56.149255],[53.064148,56.129808],[53.101508,56.114682],[53.10837,56.122272],[53.088002,56.14118],[53.1122,56.145573],[53.141962,56.161147],[53.155232,56.158943],[53.193653,56.103465],[53.22271,56.090752],[53.263174,56.107618],[53.263666,56.09115],[53.288165,56.072028],[53.313467,56.071621],[53.33283,56.062106],[53.366844,56.071078],[53.364057,56.089622],[53.383501,56.090312],[53.370341,56.102424],[53.34711,56.109331],[53.363895,56.129358],[53.350944,56.165816],[53.315115,56.216211],[53.289595,56.230456],[53.233604,56.239378],[53.273262,56.253513],[53.306748,56.250358],[53.385672,56.265059],[53.400229,56.263044],[53.426542,56.275065],[53.447116,56.271196],[53.454996,56.257194],[53.48834,56.234566],[53.531333,56.238731],[53.575332,56.236981],[53.559882,56.215635],[53.552748,56.191886],[53.574829,56.180838],[53.580648,56.146272],[53.56423,56.138877],[53.568052,56.125731],[53.551724,56.118149],[53.523714,56.117237],[53.500013,56.133511],[53.480002,56.101205],[53.440649,56.064614],[53.441672,56.049658],[53.475272,56.039445],[53.451607,56.018596],[53.403354,56.007025],[53.365395,56.01673],[53.359959,56.005378],[53.392794,56.000337],[53.387464,55.991433],[53.340592,55.978752],[53.326742,55.987505],[53.295859,55.947775],[53.257555,55.93497],[53.219134,55.940775],[53.200002,55.926013],[53.22217,55.895562],[53.250417,55.896559],[53.25308,55.884487],[53.240618,55.872167],[53.271711,55.859569],[53.348052,55.855303],[53.413967,55.858484],[53.436986,55.875152],[53.478997,55.87671],[53.507646,55.88672],[53.532241,55.906764],[53.557521,55.912137],[53.579757,55.90215],[53.623473,55.908909],[53.624322,55.914551],[53.682536,55.916414],[53.697341,55.925082],[53.705725,55.933043],[53.708927,55.969034],[53.791142,55.972595],[53.797727,55.96779],[53.825844,55.978912],[53.80173,55.988299],[53.807139,56.002246],[53.841463,56.017905],[53.84536,56.044852],[53.868356,56.042278],[53.895782,56.029451],[53.953994,56.0145],[53.974165,56.005389],[54.014881,56.009474],[54.035782,56.022081],[54.081744,56.082758],[54.087819,56.108145],[54.118574,56.131969],[54.147795,56.144855],[54.172247,56.166315],[54.195177,56.198227],[54.249867,56.202387],[54.246823,56.21398],[54.270565,56.21469],[54.29654,56.227602],[54.334995,56.235009],[54.337126,56.24267],[54.392322,56.258322],[54.392625,56.291526],[54.416149,56.311239],[54.362895,56.311971],[54.358961,56.35295],[54.374587,56.364619],[54.377579,56.378702],[54.3468,56.401529],[54.338456,56.430565],[54.344629,56.456246],[54.329599,56.464091],[54.328795,56.482895],[54.244086,56.458165],[54.218731,56.469356],[54.205898,56.498706],[54.190389,56.506259],[54.191302,56.534463],[54.141266,56.532146],[54.10796,56.541972],[54.103281,56.579168],[54.070281,56.577721],[54.054993,56.592409],[54.041618,56.579077],[54.033573,56.589073],[54.064054,56.624547],[54.082409,56.635401],[54.050387,56.638054],[53.962696,56.601512],[53.876681,56.597965],[53.864883,56.588813],[53.84102,56.59672],[53.838854,56.625688],[53.865246,56.620372],[53.84524,56.643374],[53.851004,56.654217],[53.884968,56.662533],[53.901705,56.679068],[53.884949,56.678908],[53.885947,56.717607],[53.849607,56.718192],[53.854054,56.758561],[53.82716,56.759525],[53.806785,56.779609],[53.831831,56.797308],[53.796359,56.800024],[53.803202,56.817448],[53.827534,56.820257],[53.873961,56.815064],[53.905032,56.782888],[53.943293,56.761489],[53.978163,56.752412],[54.014841,56.752071],[54.03253,56.757927],[54.061375,56.778247],[54.05943,56.789674],[54.08791,56.81075],[54.097687,56.843158],[54.107012,56.854994],[54.101643,56.889308],[54.124079,56.891253],[54.150754,56.922388],[54.148268,56.94274],[54.153452,56.980931],[54.225297,56.992335],[54.257175,56.980451],[54.303163,56.97305],[54.36676,56.981221],[54.434826,57.035921],[54.393782,57.041128],[54.393693,57.058227],[54.347069,57.07743],[54.311305,57.0841],[54.314321,57.091715],[54.289141,57.114539],[54.319761,57.110327],[54.331194,57.130563],[54.322196,57.140156],[54.344605,57.158853],[54.330755,57.165285],[54.340671,57.175154],[54.319205,57.18663],[54.327436,57.21328],[54.340702,57.223288],[54.299241,57.239152],[54.29802,57.245973],[54.328177,57.267346],[54.310318,57.283404],[54.311665,57.305716],[54.217127,57.306307],[54.205214,57.29933],[54.185449,57.315996],[54.141776,57.315905],[54.124469,57.346259],[54.149179,57.371825],[54.119877,57.377806],[54.142765,57.38683],[54.154916,57.401067],[54.206791,57.399698],[54.218424,57.410733],[54.292475,57.432529],[54.273253,57.440659],[54.273825,57.461266],[54.18859,57.468123],[54.174891,57.479743],[54.143876,57.483947],[54.17044,57.50163],[54.173095,57.521944],[54.142203,57.532375],[54.113674,57.535628],[54.107028,57.528856],[54.063941,57.529366],[54.059918,57.514508],[54.031841,57.52388],[54.051644,57.528055],[54.044726,57.544242],[54.058109,57.544873],[54.043913,57.570364],[54.02448,57.556596],[53.991837,57.559337],[53.992334,57.588211],[54.01381,57.596813],[54.040194,57.586715],[54.059279,57.594556],[54.051878,57.6058],[54.088364,57.612969],[54.103149,57.606745],[54.126741,57.615644],[54.098266,57.635629],[54.050386,57.643421],[54.063679,57.645237],[54.056055,57.680584],[54.088111,57.686243],[54.12001,57.706049],[54.153117,57.701943],[54.155006,57.71436],[54.111653,57.74115],[54.135365,57.739321],[54.138683,57.756679],[54.155539,57.774661],[54.119574,57.809495],[54.137142,57.815237],[54.132491,57.842951],[54.141852,57.855673],[54.130595,57.875985],[54.092953,57.90138],[54.085662,57.918409],[54.102384,57.925599],[54.118932,57.947192],[54.136468,57.957979],[54.07895,57.991935],[54.071602,58.009748],[53.989937,58.069713],[53.94708,58.084837],[53.93644,58.106267],[53.948822,58.123932],[53.93725,58.134961],[53.945871,58.146597],[53.925447,58.156092],[53.885234,58.164273],[53.908204,58.179682],[53.881299,58.200116],[53.82639,58.210146],[53.785463,58.236607],[53.831076,58.262961],[53.833044,58.270021],[53.865735,58.284107],[53.88668,58.31436],[53.854932,58.342762],[53.828815,58.350435],[53.845873,58.354893],[53.840281,58.365872],[53.811236,58.377084],[53.812801,58.391611],[53.791731,58.401598],[53.772575,58.420644],[53.785599,58.455538]],[[52.198188,56.063163],[52.222115,56.073613],[52.22231,56.056262],[52.198188,56.063163]]]]},"id":12},{"type":"Feature","properties":{"name":"Уфа","cartodb_id":2,"created_at":"2013-12-04T04:23:51+0100","updated_at":"2013-12-04T08:17:23+0100","name_latin":"Republic of Bashkortostan"},"geometry":{"type":"Polygon","coordinates":[[[53.697341,55.925082],[53.719374,55.924025],[53.708493,55.908907],[53.710224,55.893027],[53.72827,55.885983],[53.741982,55.903634],[53.760793,55.908521],[53.784106,55.895104],[53.808252,55.897436],[53.825437,55.891485],[53.838584,55.870704],[53.854127,55.869071],[53.856336,55.882445],[53.879525,55.886982],[53.893719,55.874328],[53.88881,55.859657],[53.856133,55.849799],[53.938073,55.846524],[53.99175,55.847449],[53.94242,55.813033],[53.952013,55.790528],[53.9707,55.7848],[54,55.7972],[54.0237,55.7819],[54.106772,55.774039],[54.129927,55.780451],[54.116207,55.763783],[54.127829,55.749207],[54.162807,55.739211],[54.171663,55.716081],[54.208897,55.702633],[54.234018,55.706363],[54.255689,55.720834],[54.265888,55.704039],[54.240793,55.676896],[54.198257,55.660818],[54.203851,55.642312],[54.175246,55.634957],[54.182916,55.622447],[54.141629,55.609011],[54.107653,55.583319],[54.07906,55.586582],[54.071294,55.572625],[54.031063,55.559244],[54.042572,55.546077],[54.023434,55.538432],[54.004173,55.550763],[53.982886,55.52979],[53.966076,55.529181],[53.978448,55.482801],[53.958814,55.482991],[53.978624,55.46587],[53.926926,55.455099],[53.927291,55.444216],[53.902602,55.42843],[53.900854,55.40744],[53.8752,55.3978],[53.8874,55.3912],[53.8827,55.3707],[53.8541,55.3668],[53.786,55.3415],[53.7771,55.3497],[53.74,55.3371],[53.717,55.3232],[53.7001,55.3308],[53.685995,55.318991],[53.686497,55.301295],[53.673076,55.288411],[53.602269,55.262642],[53.627864,55.227383],[53.616626,55.214323],[53.516353,55.213979],[53.482911,55.216589],[53.466611,55.228466],[53.426972,55.230037],[53.362239,55.202065],[53.398238,55.191883],[53.378185,55.17562],[53.368441,55.179223],[53.318673,55.16222],[53.283468,55.171541],[53.241394,55.17459],[53.207989,55.158837],[53.158294,55.165716],[53.161102,55.114022],[53.170297,55.1052],[53.250295,55.10447],[53.264145,55.099769],[53.269498,55.078052],[53.294045,55.070675],[53.269505,55.048659],[53.276383,55.040976],[53.298459,55.046311],[53.319335,55.043372],[53.321526,55.021277],[53.371849,55.025013],[53.431194,54.993997],[53.44267,54.994621],[53.47511,54.978258],[53.482486,54.961686],[53.476099,54.950344],[53.51806,54.924777],[53.507682,54.914218],[53.5535,54.8881],[53.553362,54.878503],[53.588445,54.885896],[53.617124,54.906188],[53.648184,54.908455],[53.636504,54.899498],[53.637366,54.880269],[53.622774,54.878513],[53.593066,54.809682],[53.610457,54.810367],[53.6063,54.788],[53.6192,54.7474],[53.6125,54.7395],[53.6149,54.7044],[53.6097,54.6955],[53.5693,54.6705],[53.571059,54.640495],[53.546874,54.631265],[53.531842,54.616781],[53.511976,54.617107],[53.490357,54.60187],[53.489398,54.592603],[53.466894,54.588953],[53.47038,54.571764],[53.459133,54.565256],[53.437896,54.571828],[53.422711,54.564303],[53.434379,54.550383],[53.426929,54.507159],[53.437452,54.496616],[53.434387,54.479517],[53.415256,54.470263],[53.424189,54.455364],[53.404029,54.449074],[53.417046,54.435317],[53.386261,54.41684],[53.404462,54.397053],[53.398792,54.382388],[53.381851,54.375212],[53.419355,54.360619],[53.399845,54.350121],[53.432359,54.327856],[53.419313,54.30742],[53.4408,54.2601],[53.4192,54.2581],[53.4367,54.2416],[53.4239,54.2336],[53.4356,54.2235],[53.4366,54.1875],[53.4571,54.1718],[53.4545,54.1539],[53.4706,54.1158],[53.4722,54.0917],[53.500606,54.056129],[53.511907,54.053859],[53.504024,54.023306],[53.514651,54.009251],[53.535563,53.998067],[53.530936,53.975741],[53.55082,53.968199],[53.57019,53.946731],[53.570705,53.914464],[53.598302,53.883568],[53.582533,53.877569],[53.596932,53.867756],[53.599161,53.839559],[53.629673,53.807121],[53.627274,53.790238],[53.644587,53.753514],[53.682811,53.743744],[53.824225,53.687494],[53.850762,53.684026],[53.913805,53.610626],[53.98006,53.543541],[54.003278,53.532144],[54.023932,53.498377],[54.041745,53.500566],[54.060446,53.457009],[54.074814,53.441663],[54.10729,53.421725],[54.151671,53.387978],[54.169707,53.385642],[54.238873,53.36353],[54.253711,53.361851],[54.280186,53.384195],[54.287963,53.402712],[54.316259,53.40333],[54.344458,53.388498],[54.401955,53.369312],[54.428063,53.37045],[54.463848,53.362103],[54.504664,53.363604],[54.547572,53.355177],[54.56797,53.32771],[54.565743,53.2903],[54.552032,53.263175],[54.626937,53.258848],[54.637565,53.236223],[54.612368,53.227652],[54.615454,53.217025],[54.660534,53.214283],[54.675103,53.225767],[54.792688,53.242052],[54.797144,53.255122],[54.827796,53.275814],[54.840853,53.252209],[54.871878,53.233612],[54.901874,53.226756],[54.927072,53.211115],[54.94627,53.17422],[54.956557,53.119799],[54.941131,53.10073],[54.975413,53.08029],[54.966157,53.068591],[54.996668,53.056593],[55.004039,53.028311],[55.038322,52.999258],[55.053578,52.958721],[55.070961,52.943829],[55.122748,52.914446],[55.133692,52.897318],[55.123386,52.882552],[55.131206,52.863282],[55.147488,52.860756],[55.155027,52.848177],[55.1308,52.852005],[55.136813,52.838043],[55.152113,52.837682],[55.1395,52.814367],[55.160718,52.81141],[55.179053,52.817227],[55.190935,52.838874],[55.245713,52.818871],[55.265087,52.842316],[55.27251,52.827761],[55.319446,52.847758],[55.34878,52.851411],[55.385366,52.821007],[55.400338,52.827063],[55.400725,52.807036],[55.420737,52.791133],[55.395584,52.78105],[55.387828,52.788581],[55.338549,52.767307],[55.367903,52.74008],[55.416625,52.746867],[55.427082,52.733112],[55.395115,52.699859],[55.373689,52.70786],[55.361536,52.695058],[55.367311,52.683087],[55.315497,52.693984],[55.301736,52.729321],[55.276882,52.718143],[55.266281,52.738386],[55.225291,52.740677],[55.216321,52.721853],[55.269045,52.700114],[55.263219,52.645907],[55.280618,52.630418],[55.302971,52.629615],[55.352865,52.638366],[55.363492,52.646123],[55.368152,52.675262],[55.403601,52.66772],[55.435312,52.649037],[55.463937,52.624612],[55.437028,52.58536],[55.469281,52.583557],[55.524102,52.604216],[55.530034,52.575909],[55.508135,52.567669],[55.510061,52.555206],[55.548958,52.544438],[55.544844,52.534839],[55.479367,52.541481],[55.474527,52.523159],[55.510049,52.520227],[55.525192,52.513938],[55.519649,52.496358],[55.501479,52.498758],[55.495774,52.472497],[55.499997,52.462045],[55.539457,52.457284],[55.542362,52.443787],[55.528543,52.43107],[55.496196,52.416898],[55.525097,52.38756],[55.544871,52.394402],[55.551764,52.386398],[55.56936,52.406242],[55.592428,52.383848],[55.614079,52.382345],[55.618275,52.371895],[55.674984,52.367874],[55.665641,52.40133],[55.699395,52.400965],[55.73319,52.351499],[55.773394,52.345755],[55.798198,52.376925],[55.823417,52.364962],[55.857774,52.38953],[55.88206,52.396155],[55.887662,52.407831],[55.871378,52.414687],[55.848236,52.470308],[55.866071,52.488317],[55.863247,52.496093],[55.872231,52.5345],[55.867592,52.545781],[55.885258,52.544442],[55.908133,52.559945],[55.92211,52.552841],[55.911998,52.535936],[55.928453,52.52126],[55.920333,52.509666],[55.944062,52.515294],[55.968138,52.546898],[55.966266,52.557788],[55.98734,52.561291],[56.006415,52.548907],[56.036609,52.570241],[56.027052,52.576099],[56.053138,52.590947],[56.067469,52.623386],[56.035274,52.647084],[56.068193,52.644699],[56.108575,52.648476],[56.126477,52.645876],[56.098037,52.636475],[56.07354,52.621542],[56.104792,52.618557],[56.12523,52.633621],[56.148457,52.632301],[56.166535,52.602166],[56.157108,52.591711],[56.18419,52.591197],[56.190017,52.599253],[56.219052,52.572656],[56.26441,52.545861],[56.322344,52.580871],[56.379422,52.598184],[56.423645,52.603841],[56.445379,52.581714],[56.40702,52.559404],[56.43016,52.543592],[56.374796,52.528979],[56.384224,52.508024],[56.3508,52.496325],[56.381999,52.420007],[56.432392,52.428407],[56.430849,52.445204],[56.443362,52.445547],[56.443189,52.47233],[56.465644,52.470273],[56.486556,52.451204],[56.486728,52.438135],[56.464102,52.42905],[56.45759,52.409809],[56.440278,52.405353],[56.432565,52.374285],[56.43925,52.374628],[56.44525,52.342832],[56.433938,52.331348],[56.452965,52.317978],[56.453994,52.297024],[56.399315,52.281768],[56.359206,52.280525],[56.338466,52.274525],[56.311556,52.25717],[56.327326,52.247229],[56.294587,52.241401],[56.272476,52.23073],[56.279332,52.223189],[56.260993,52.201891],[56.236995,52.219032],[56.200487,52.166709],[56.202373,52.142327],[56.268194,52.12193],[56.295448,52.127416],[56.347727,52.128616],[56.351668,52.158869],[56.382864,52.161098],[56.412345,52.185138],[56.421258,52.183424],[56.427771,52.200736],[56.466166,52.211192],[56.474394,52.20018],[56.437713,52.198122],[56.45074,52.190923],[56.441142,52.180425],[56.399491,52.159855],[56.427945,52.144086],[56.458112,52.163113],[56.487422,52.169284],[56.54433,52.148501],[56.616321,52.128919],[56.627977,52.121506],[56.621293,52.09768],[56.585469,52.078825],[56.603125,52.06477],[56.606381,52.080711],[56.627635,52.085682],[56.62952,52.095966],[56.666716,52.08564],[56.682829,52.067085],[56.704598,52.060058],[56.683173,52.031904],[56.677174,52.00855],[56.658149,51.985538],[56.65455,51.959442],[56.691574,51.949286],[56.695517,51.938145],[56.7166,51.943459],[56.724314,51.92169],[56.734256,51.918219],[56.726029,51.901079],[56.689347,51.908963],[56.671693,51.902278],[56.630384,51.899192],[56.633298,51.879437],[56.622328,51.874981],[56.610845,51.827073],[56.678209,51.812461],[56.697064,51.803205],[56.743173,51.771281],[56.754143,51.776081],[56.769913,51.763697],[56.759972,51.753241],[56.780884,51.736572],[56.740946,51.738286],[56.745575,51.716646],[56.759459,51.696548],[56.749347,51.681465],[56.771116,51.666638],[56.752433,51.630557],[56.732379,51.610802],[56.723,51.591497],[56.774375,51.585092],[56.814141,51.587492],[56.817912,51.591948],[56.892302,51.606433],[56.895215,51.647228],[56.885444,51.651384],[56.886129,51.677138],[56.861446,51.704263],[56.795624,51.747499],[56.793968,51.765199],[56.811799,51.768614],[56.842481,51.764773],[56.864016,51.743044],[56.898812,51.735159],[56.943549,51.73396],[56.958461,51.745787],[56.96926,51.723847],[56.996857,51.720548],[56.997715,51.68361],[57.002686,51.666984],[57.095569,51.66702],[57.118074,51.632169],[57.160507,51.575738],[57.198214,51.569554],[57.22046,51.575738],[57.225356,51.590212],[57.305837,51.60709],[57.293554,51.62953],[57.331861,51.649844],[57.36055,51.653301],[57.407274,51.691396],[57.395935,51.727277],[57.481313,51.725904],[57.499093,51.721094],[57.529413,51.732432],[57.573735,51.725647],[57.589882,51.744071],[57.628705,51.750428],[57.640816,51.76722],[57.610925,51.785107],[57.613845,51.794469],[57.641588,51.808342],[57.645281,51.819765],[57.66976,51.830373],[57.658679,51.846693],[57.63901,51.853865],[57.655329,51.86881],[57.715197,51.860028],[57.725161,51.834304],[57.754365,51.825371],[57.84378,51.826231],[57.844381,51.837912],[57.912408,51.83583],[57.941956,51.821637],[57.955098,51.821551],[57.955184,51.793786],[58.069594,51.793959],[58.109535,51.791877],[58.118211,51.773732],[58.114432,51.761686],[58.142777,51.749103],[58.152569,51.735081],[58.144409,51.724516],[58.164657,51.718366],[58.188301,51.733406],[58.257273,51.733493],[58.258733,51.750779],[58.313447,51.752261],[58.319888,51.778909],[58.329165,51.770234],[58.403462,51.771352],[58.40329,51.778567],[58.489441,51.779255],[58.489871,51.770837],[58.574905,51.771697],[58.574732,51.827034],[58.615445,51.826519],[58.619137,51.875113],[58.614413,51.884754],[58.639322,51.885012],[58.655641,51.893001],[58.659677,51.935346],[58.655809,52.034295],[58.712842,52.037409],[58.713098,52.079733],[58.652715,52.078787],[58.651511,52.130065],[58.616724,52.136593],[58.661215,52.199467],[58.653656,52.217891],[58.661558,52.242263],[58.670231,52.297299],[58.699263,52.29541],[58.742554,52.25867],[58.812128,52.250747],[58.897506,52.244048],[58.890892,52.250576],[58.903948,52.273209],[58.925764,52.28182],[58.952477,52.28167],[58.943371,52.313429],[58.930487,52.31884],[58.944316,52.326398],[58.945428,52.339689],[58.900391,52.342399],[58.868531,52.351906],[58.837006,52.355784],[58.854927,52.425806],[58.796148,52.431792],[58.79785,52.468617],[58.770178,52.471171],[58.781245,52.520394],[58.838291,52.520821],[58.838928,52.566],[58.824027,52.593299],[58.781235,52.592084],[58.781029,52.610593],[58.751016,52.611018],[58.751015,52.6579],[58.776771,52.661519],[58.78571,52.680091],[58.776557,52.690308],[58.804657,52.695086],[58.779534,52.787318],[58.762717,52.810626],[58.7608,52.849632],[58.802945,52.896994],[58.812309,52.94031],[58.861054,52.944409],[58.839127,53.024017],[58.989132,53.019652],[58.991746,53.041952],[58.975995,53.048551],[58.913414,53.056053],[58.911284,53.091654],[58.911068,53.191218],[58.906597,53.21144],[58.872275,53.201817],[58.875305,53.27668],[58.90021,53.276521],[58.897223,53.49353],[58.907014,53.493796],[58.906374,53.547702],[58.81378,53.548606],[58.813353,53.591603],[58.822129,53.608293],[58.839787,53.611418],[58.906865,53.642514],[58.912543,53.678185],[58.891255,53.719639],[58.885933,53.748587],[58.904026,53.751993],[58.925523,53.784827],[58.907744,53.862662],[58.939994,53.89679],[58.964898,53.907859],[58.954468,53.923664],[58.934033,53.931539],[58.910619,53.928772],[58.939566,53.963096],[58.952125,53.967353],[59.000232,53.951602],[59.051317,53.97076],[59.090483,53.967355],[59.10879,53.956286],[59.140931,53.972677],[59.188185,54.003595],[59.192228,54.024508],[59.224794,54.065218],[59.236501,54.069688],[59.284818,54.149883],[59.309296,54.162442],[59.325654,54.187793],[59.3491,54.177395],[59.378901,54.172926],[59.399122,54.183569],[59.470643,54.187614],[59.525348,54.186125],[59.600488,54.159731],[59.655832,54.150366],[59.661792,54.14249],[59.707982,54.141639],[59.705427,54.179954],[59.715218,54.19512],[59.776307,54.226464],[59.789291,54.244344],[59.755019,54.314268],[59.67179,54.33965],[59.725855,54.384883],[59.736071,54.400688],[59.739901,54.455659],[59.670295,54.469334],[59.646489,54.484027],[59.666889,54.490673],[59.680299,54.504296],[59.675402,54.518558],[59.689025,54.521804],[59.726913,54.551658],[59.737343,54.549316],[59.79226,54.572306],[59.853775,54.609024],[59.897196,54.684643],[59.897621,54.704917],[59.947215,54.770372],[59.929122,54.78889],[59.938274,54.817892],[59.99319,54.853281],[60.001809,54.864135],[59.915283,54.869936],[59.875479,54.838432],[59.857599,54.851842],[59.842486,54.841838],[59.776712,54.860409],[59.76394,54.87318],[59.736906,54.885739],[59.697314,54.885951],[59.659425,54.90282],[59.660276,54.907928],[59.617976,54.906111],[59.60089,54.867006],[59.53682,54.841409],[59.520005,54.795591],[59.522773,54.779786],[59.486588,54.762544],[59.44572,54.736947],[59.441463,54.720717],[59.381011,54.702623],[59.288845,54.658241],[59.291613,54.636689],[59.263303,54.616893],[59.235206,54.623013],[59.150062,54.62812],[59.065343,54.649671],[59.001486,54.618327],[58.953697,54.584371],[58.919749,54.583151],[58.908468,54.57187],[58.839076,54.566973],[58.805871,54.550583],[58.77458,54.552498],[58.739246,54.536906],[58.714982,54.47789],[58.617068,54.462723],[58.587267,54.464],[58.498716,54.513701],[58.436134,54.543926],[58.421872,54.558826],[58.38526,54.560103],[58.257121,54.514497],[58.163463,54.510238],[58.16921,54.502576],[58.118338,54.46011],[58.012124,54.396783],[57.983601,54.396357],[57.901312,54.420698],[57.896966,54.429615],[57.856522,54.456967],[57.826507,54.48549],[57.753361,54.501668],[57.747535,54.54328],[57.762647,54.563129],[57.738999,54.574982],[57.746043,54.58186],[57.627054,54.617672],[57.603152,54.67859],[57.592355,54.679347],[57.520623,54.65375],[57.484862,54.665244],[57.504232,54.675462],[57.516151,54.692278],[57.454209,54.71617],[57.395813,54.71987],[57.384603,54.735167],[57.244966,54.772469],[57.201329,54.80445],[57.162799,54.848777],[57.143324,54.851586],[57.156626,54.870329],[57.188767,54.887624],[57.259434,54.950259],[57.259646,54.960529],[57.214094,54.972236],[57.204515,54.982666],[57.187699,54.977131],[57.192594,55.006506],[57.180035,55.014222],[57.184717,55.031889],[57.168965,55.040456],[57.164282,55.058177],[57.131288,55.085049],[57.156404,55.127249],[57.210682,55.135125],[57.241546,55.1496],[57.259851,55.179028],[57.233031,55.179719],[57.212596,55.200845],[57.211956,55.23022],[57.22047,55.236606],[57.239841,55.214894],[57.263255,55.219152],[57.232603,55.246397],[57.246225,55.266033],[57.292415,55.26646],[57.30391,55.25752],[57.326047,55.259649],[57.339883,55.279711],[57.380751,55.294611],[57.393947,55.317228],[57.420129,55.316164],[57.457592,55.326381],[57.507614,55.327446],[57.530101,55.337019],[57.568066,55.319358],[57.578071,55.319571],[57.641291,55.301479],[57.721326,55.304247],[57.780501,55.298075],[57.882886,55.302333],[57.955258,55.291691],[57.969733,55.28041],[58.008686,55.282699],[58.023161,55.276526],[58.043919,55.238855],[58.078719,55.221556],[58.126613,55.217725],[58.136618,55.211127],[58.131935,55.194045],[58.117674,55.191703],[58.080424,55.170789],[58.041259,55.153973],[58.005072,55.163764],[57.987618,55.149662],[58.005712,55.142425],[57.98891,55.112652],[58.007058,55.102993],[57.991026,55.091233],[58.04041,55.068191],[58.029441,55.059835],[58.023383,55.038976],[58.032749,55.027908],[58.008779,54.99885],[58.027003,54.991296],[57.999332,54.977886],[57.983014,54.984433],[57.958889,54.975916],[57.952929,54.960112],[57.932921,54.948617],[57.963786,54.921106],[57.982943,54.927917],[58.005081,54.906153],[58.058722,54.919989],[58.080007,54.929994],[58.082774,54.946511],[58.117319,54.938628],[58.131944,54.952238],[58.125557,54.975493],[58.101504,54.98422],[58.130665,54.999971],[58.087454,55.012955],[58.128323,55.017213],[58.158761,55.031315],[58.179834,55.031315],[58.176428,55.040681],[58.153014,55.037062],[58.166211,55.050047],[58.15131,55.059412],[58.193243,55.070535],[58.195584,55.096184],[58.163868,55.094694],[58.153651,55.083997],[58.137047,55.097407],[58.158333,55.10805],[58.128532,55.127048],[58.167698,55.131518],[58.190899,55.149824],[58.210057,55.142374],[58.231129,55.151368],[58.245816,55.170525],[58.271146,55.171377],[58.305843,55.162437],[58.362464,55.140886],[58.370979,55.119813],[58.346926,55.103849],[58.373321,55.09592],[58.400355,55.07953],[58.379285,55.065779],[58.42973,55.06628],[58.439522,55.048134],[58.422069,55.017908],[58.453279,54.99672],[58.475284,55.001678],[58.501678,55.020623],[58.531053,55.027435],[58.548933,55.023604],[58.525519,54.994601],[58.493543,54.98441],[58.529352,54.972677],[58.566836,54.970946],[58.59768,54.956288],[58.621954,54.964708],[58.652717,54.958664],[58.694956,54.967996],[58.727088,54.967864],[58.730947,54.996176],[58.806493,55.028715],[58.823733,55.053886],[58.798403,55.055589],[58.771552,55.077121],[58.761151,55.094807],[58.731442,55.10189],[58.733479,55.12019],[58.641309,55.147062],[58.624068,55.140464],[58.587514,55.146702],[58.597163,55.161379],[58.57545,55.162091],[58.582985,55.177767],[58.608447,55.181493],[58.615316,55.194679],[58.652377,55.192295],[58.644906,55.172941],[58.657486,55.161164],[58.679197,55.173298],[58.692395,55.171808],[58.693034,55.150735],[58.723899,55.138602],[58.726648,55.152116],[58.755401,55.16372],[58.773067,55.212571],[58.693031,55.23194],[58.70942,55.279674],[58.725384,55.289678],[58.83075,55.27776],[58.931858,55.272014],[58.933335,55.294488],[58.865658,55.290372],[58.837773,55.293352],[58.846925,55.326824],[58.911422,55.326399],[58.930579,55.317033],[58.965275,55.315969],[58.966394,55.262515],[59.006998,55.265256],[59.014873,55.283349],[59.034243,55.277177],[59.05638,55.297452],[59.074686,55.291918],[59.086392,55.325815],[59.104485,55.32241],[59.101292,55.33284],[59.124706,55.342632],[59.162596,55.333266],[59.160041,55.342419],[59.176856,55.363545],[59.184305,55.38696],[59.144287,55.412556],[59.150033,55.425753],[59.170255,55.423837],[59.183026,55.441984],[59.183238,55.468431],[59.200693,55.465452],[59.281366,55.463963],[59.361614,55.484025],[59.372895,55.478065],[59.380345,55.498074],[59.433693,55.493994],[59.431006,55.477002],[59.464074,55.473619],[59.483794,55.499565],[59.517,55.509357],[59.578942,55.516595],[59.587243,55.54432],[59.642798,55.557571],[59.65493,55.591895],[59.601502,55.60573],[59.564465,55.594022],[59.468494,55.594828],[59.461653,55.602322],[59.471444,55.627067],[59.464419,55.643457],[59.390982,55.644734],[59.382895,55.620681],[59.335427,55.609558],[59.275828,55.579757],[59.249646,55.58146],[59.250497,55.607003],[59.276465,55.606152],[59.290939,55.621957],[59.335809,55.63157],[59.316268,55.67714],[59.288809,55.677991],[59.298611,55.701453],[59.27561,55.709122],[59.320522,55.761379],[59.303705,55.775694],[59.27135,55.788039],[59.201532,55.787825],[59.187909,55.793359],[59.135546,55.789102],[59.133416,55.820019],[59.193902,55.820163],[59.192378,55.828321],[59.221148,55.85022],[59.206638,55.864774],[59.203019,55.885474],[59.233031,55.902982],[59.246653,55.924321],[59.24644,55.9488],[59.216213,55.951833],[59.221959,55.98871],[59.192583,56.025162],[59.286454,56.034742],[59.308165,56.04629],[59.315827,56.069917],[59.33541,56.085935],[59.314337,56.085509],[59.334771,56.102165],[59.319231,56.125633],[59.335833,56.149686],[59.330086,56.156337],[59.281128,56.155698],[59.265164,56.141809],[59.267293,56.129038],[59.239408,56.129463],[59.189173,56.138615],[59.162992,56.130314],[59.152774,56.145639],[59.097005,56.149044],[59.061669,56.165487],[59.04205,56.168357],[59.038559,56.12776],[58.984164,56.080198],[58.96063,56.065224],[58.900497,56.053224],[58.880303,56.073573],[58.832811,56.068922],[58.832106,56.08386],[58.750933,56.086396],[58.732754,56.080653],[58.71401,56.094745],[58.713868,56.116201],[58.643547,56.117327],[58.628467,56.135542],[58.597604,56.137514],[58.582806,56.16517],[58.559694,56.172639],[58.55448,56.166297],[58.511075,56.170666],[58.49346,56.157101],[58.482469,56.132545],[58.469786,56.121835],[58.42145,56.12165],[58.410598,56.101083],[58.384528,56.081776],[58.345632,56.084453],[58.359301,56.114083],[58.349088,56.121563],[58.316178,56.11676],[58.306031,56.10464],[58.25713,56.10478],[58.242853,56.118187],[58.185399,56.126059],[58.164541,56.140715],[58.129592,56.133809],[58.103662,56.139587],[58.071391,56.116052],[57.996703,56.109851],[57.955409,56.112387],[57.912709,56.106608],[57.894107,56.121581],[57.908903,56.131023],[57.893824,56.141311],[57.861552,56.148356],[57.8018,56.141133],[57.774601,56.144656],[57.751631,56.133382],[57.721896,56.12704],[57.686242,56.136622],[57.657071,56.113933],[57.645798,56.093041],[57.61113,56.095296],[57.598601,56.085196],[57.521365,56.096742],[57.51834,56.105684],[57.480225,56.122618],[57.473738,56.13444],[57.493474,56.164205],[57.49019,56.173165],[57.50828,56.19462],[57.50354,56.203585],[57.468344,56.213471],[57.452536,56.240399],[57.420497,56.249445],[57.4065,56.27247],[57.412841,56.293926],[57.432504,56.313092],[57.406237,56.34266],[57.390734,56.331497],[57.348693,56.331209],[57.353176,56.320814],[57.324945,56.314887],[57.297953,56.32104],[57.306645,56.310392],[57.285038,56.304739],[57.298041,56.272278],[57.248166,56.271258],[57.219294,56.249383],[57.195286,56.250602],[57.216173,56.208547],[57.200482,56.19639],[57.227381,56.199451],[57.23492,56.19177],[57.204048,56.188198],[57.203793,56.169341],[57.185657,56.171752],[57.167776,56.162307],[57.144839,56.165789],[57.114189,56.159438],[57.064534,56.159073],[57.044666,56.150958],[57.045964,56.126737],[57.007201,56.136611],[56.970055,56.125026],[56.921333,56.103883],[56.910454,56.110593],[56.883149,56.110432],[56.86701,56.147413],[56.85044,56.166111],[56.783004,56.164346],[56.768379,56.193539],[56.746621,56.209651],[56.758236,56.219029],[56.725129,56.230841],[56.652679,56.232966],[56.651969,56.25574],[56.6209,56.264502],[56.594748,56.262981],[56.597125,56.274223],[56.578681,56.2905],[56.538582,56.313044],[56.506254,56.344041],[56.535034,56.350188],[56.532621,56.361487],[56.572244,56.389021],[56.532631,56.397031],[56.507644,56.376753],[56.483962,56.388626],[56.460827,56.365593],[56.40723,56.40379],[56.362071,56.388603],[56.377829,56.365215],[56.324682,56.365207],[56.321917,56.341382],[56.303726,56.333371],[56.283691,56.314425],[56.285953,56.304422],[56.267411,56.305743],[56.235373,56.320566],[56.218417,56.316403],[56.162298,56.317164],[56.122626,56.310245],[56.124858,56.30038],[56.081113,56.290316],[56.051117,56.314239],[56.042079,56.339931],[56.017745,56.339763],[55.952536,56.373755],[55.941528,56.388746],[55.945286,56.408605],[55.935976,56.413169],[55.919867,56.449547],[55.908537,56.456142],[55.879236,56.456682],[55.867046,56.442979],[55.874755,56.432733],[55.83681,56.42065],[55.789442,56.435629],[55.774309,56.445925],[55.739046,56.430493],[55.707318,56.435715],[55.691955,56.408486],[55.633282,56.395796],[55.627859,56.400694],[55.522033,56.380746],[55.506358,56.359249],[55.459557,56.331608],[55.42206,56.331012],[55.38524,56.317094],[55.368311,56.323734],[55.331195,56.316454],[55.280699,56.320966],[55.238503,56.344644],[55.206916,56.37202],[55.187945,56.358086],[55.201268,56.324517],[55.196512,56.307451],[55.150002,56.307456],[55.136998,56.341632],[55.116014,56.3494],[55.039763,56.344946],[55.021135,56.340348],[55.021814,56.324292],[54.989742,56.325124],[54.978383,56.334995],[54.943592,56.337213],[54.937518,56.370654],[54.929619,56.380248],[54.899297,56.390083],[54.867232,56.393269],[54.863153,56.402275],[54.788421,56.426413],[54.787349,56.436567],[54.733821,56.430409],[54.707192,56.464125],[54.679644,56.4862],[54.682184,56.501397],[54.646429,56.500862],[54.630839,56.509492],[54.61472,56.504647],[54.603274,56.513835],[54.60915,56.531315],[54.577733,56.534643],[54.5398,56.5114],[54.5392,56.4953],[54.5248,56.468],[54.5025,56.4604],[54.4937,56.4467],[54.4979,56.4325],[54.4864,56.4107],[54.4627,56.4003],[54.4466,56.3748],[54.4575,56.3571],[54.444573,56.34606],[54.418623,56.362086],[54.410856,56.376841],[54.377579,56.378702],[54.374587,56.364619],[54.358961,56.35295],[54.362895,56.311971],[54.416149,56.311239],[54.392625,56.291526],[54.392322,56.258322],[54.337126,56.24267],[54.334995,56.235009],[54.29654,56.227602],[54.270565,56.21469],[54.246823,56.21398],[54.249867,56.202387],[54.195177,56.198227],[54.172247,56.166315],[54.147795,56.144855],[54.118574,56.131969],[54.087819,56.108145],[54.081744,56.082758],[54.035782,56.022081],[54.014881,56.009474],[53.974165,56.005389],[53.953994,56.0145],[53.895782,56.029451],[53.868356,56.042278],[53.84536,56.044852],[53.841463,56.017905],[53.807139,56.002246],[53.80173,55.988299],[53.825844,55.978912],[53.797727,55.96779],[53.791142,55.972595],[53.708927,55.969034],[53.705725,55.933043],[53.697341,55.925082]]]},"id":13}]}